pmid,title,authors,journal,publication_date,doi,abstract,topic,citation_count,impact_factor,score,rank
42578753,Drug Discovery's Blind Spot: Why Organoid-Artificial Intelligence Convergence Demands Integrated Governance.,Johnny Sakr,The American journal of bioethics : AJOB,2000-01-01T00:00:00,10.1080/15265161.2026.2710282,"['Organoid-artificial intelligence (AI) platforms are increasingly central to drug discovery, yet they sit between two governance regimes. AI frameworks presume stable, well-characterized inputs, while organoid ethics focuses on donor consent, moral status, and tissue use, leaving downstream computational uses of organoid-derived data underregulated. This article argues that the convergence of living biological variability with algorithmic decision-making creates a governance vacuum in high-stakes preclinical contexts. The organoid-AI case is distinctive because two mature governance traditions, built on incompatible assumptions, intersect at a decision-critical point, and because organoid-derived biological states are transient and often irrecoverable. The article maps the structural causes of this gap, illustrates its practical consequences through three failure scenarios assessing likely probability and impact, and proposes an integrated two-pillar framework: graduated AI validation indexed to organoid functional complexity and tamper-resistant audit trails linking biological and algorithmic metadata. It concludes that proactive governance is morally preferable to delayed, crisis-driven regulation.']",ai-drug-discovery,0,135.36044776119402,42.0,1
42596875,Advancing cancer drug discovery through the integration of machine learning and high-throughput screening.,Kamil Herbetko; Katarzyna Herbetko; Magdalena Mikołajek; Laura Wojdyło; Karolina Klasen; Marek Kulbacki; Julita Kulbacka,Future medicinal chemistry,2000-01-01T00:00:00,10.1080/17568919.2026.2714025,"['Cancer drug discovery is a complex process that requires identifying compounds that selectively target malignant cells. While high-throughput screening (HTS) is essential for testing large libraries, it generates vast datasets that are difficult to interpret. Recently, the integration of artificial intelligence (AI), particularly deep learning (DL), has significantly accelerated drug candidate selection. This review highlights the synergy between AI and HTS, emphasizing DL techniques such as convolutional neural networks for bioactivity prediction, recurrent neural networks for de novo design, and reinforcement learning for property optimization. These methods streamline preclinical research by enabling rapid multi-omics analysis and prediction of drug-target interactions. However, challenges regarding data quality, model interpretability, and ethics persist. Emerging paradigms like Explainable AI and federated learning aim to enhance transparency and collaboration while safeguarding privacy. Ultimately, overcoming these barriers through AI-HTS integration holds transformative potential to reduce development costs and improve clinical outcomes for cancer patients.']",ai-drug-discovery,0,71.24878048780488,38.5,2
42580989,Hangzhou declaration on the global development of artificial intelligence in traditional Chinese medicine.,Xiao-Hui Fan; Yu Li; Xiao-Bo Lai; Jun-Hua Zhang; Hai-Yan Li; Kong-Fa Hu; Jie Li; Jian-Xin Chen; Hu-Dan Pan; Chuan-Biao Wen; Qing Ye; Hong-Xing Kan; Xin-Xue Li; Pan-Fei Li; Yu Hu; Kai-Xian Chen; Bo-Li Zhang,Journal of integrative medicine,2000-01-01T00:00:00,10.1016/j.joim.2026.07.010,"['Artificial intelligence (AI) is having a profound impact on the production of medical knowledge, research paradigms, healthcare services and the health industry. Traditional Chinese medicine (TCM), a valuable part of human heritage and an important global health resource, is entering a period of historic innovation through its integration with AI. This convergence offers significant opportunities for the collation of classical literature, the inheritance of clinical experience, diagnosis and treatment, drug discovery, talent cultivation, industrial upgrading and health management. However, AI-enabled TCM is still in its infancy and faces challenges relating to theoretical compatibility, data quality, scientific evaluation, algorithmic transparency, ethical governance, standardization, interdisciplinary training and international coordination. The Hangzhou Declaration on the Global Development of Artificial Intelligence in Traditional Chinese Medicine sets out a shared position and a consensus based on principles for trustworthy innovation in this emerging field. It emphasizes preserving the essence of TCM while pursuing innovation, prioritizing clinical value and patient safety, strengthening ethical governance, improving data standards and scientific evaluation, fostering interdisciplinary collaboration, advancing international standards, bridging the digital divide, and cultivating globally competent talent. The Declaration aims to guide the responsible, open, inclusive and sustainable development of AI-enabled TCM, contributing to the health and well-being of humanity. Please cite this article as: Fan XH, Li Y, Lai XB, Zhang JH, Li HY, Hu KF, Li J, Chen JX, Pan HD, Wen CB, Ye Q, Kan HX, Li XX, Li PF, Hu Y, Chen KX, Zhang BL. Hangzhou declaration on the global development of artificial intelligence in traditional Chinese medicine. J Integr Med. 2026; Epub ahead of print.']",ai-drug-discovery,0,142.01612903225805,38.5,3
42231905,"Protein Design Enters the Artificial Intelligence Era: Foundations, Tools, and Emerging Paradigms.",Yanlin Mi; Arpit Shukla; Mark Tangney; Sabin Tabirca; Venkata Vb Yallapragada,Computational and structural biotechnology journal,2000-01-01T00:00:00,10.34133/csbj.0105,"['Artificial intelligence (AI) has transformed protein engineering by leveraging deep learning, protein language models, and knowledge graphs to decode relationships between sequence, structure, and function. Models like AlphaFold2 achieve near-experimental accuracy in structure prediction, while transformer-based language models facilitate de novo sequence design under functional constraints. AI enhances therapeutic protein engineering, enzyme catalysis, and synthetic biology, accelerating the transition from in silico design to experimental validation. These advances accelerate experimental validation across healthcare and industrial biotechnology. Despite algorithmic successes, challenges remain in model interpretability, training data biases, and experimental validation rates. This review examines the computational methodologies shaping protein design, benchmarking metrics, and the integration of machine learning with experimental pipelines.']",de-novo-protein-design,0,52.61142857142857,40.833333333333336,1
42127490,Decoding bacterial transcriptional regulatory networks through integrated multi-omics datasets for artificial intelligence-driven design of programmable biological systems.,Ina Bang; Jaehyung Kim; Minchang Jang; Joon Young Park; Donghyuk Kim,Current opinion in biotechnology,2000-01-01T00:00:00,10.1016/j.copbio.2026.103505,"['Advances in next-generation sequencing (NGS) have provided refined insight into bacterial transcriptional regulatory networks (TRNs) on a genome-wide scale. The integration of genomic and transcriptomic datasets has clarified the architecture of TRNs, revealing regulatory complexity that requires computational methods for interpretation. The TRNs and their regulatory elements characterized through these analyses serve as a foundation for systems biology. In this review, we discuss the progression from targeted molecular characterization to systems-level approaches. NGS-based characterization at near-single-base-pair resolution has allowed precise interrogation of DNA-binding protein dynamics. Machine learning-based frameworks, such as independent component analysis, have enabled the identification of co-regulated gene modules and the discovery of novel regulatory relationships within transcriptomic datasets. In addition, deep learning models have shown utility in uncovering transcriptional regulatory elements and guiding the de novo design of regulatory sequences. Together, these tools are being integrated into closed-loop biofoundry platforms, accelerating automated workflows in bacterial systems engineering.']",de-novo-protein-design,0,56.396153846153844,38.666666666666664,2
42056544,"The past, present and future of de novo protein design.",Wei Yang; Shunzhi Wang; Gyu Rie Lee; Jason Z Zhang; Alexis Courbet; David Juergens; Xinru Wang; Thomas Schlichthaerle; Mohamad Abedi; Robert Ragotte; Linna An; Indrek Kalvet; Sam Pellock; Ljubica Mihaljevic; Cameron Glasscock; Arvind Pillai; Adam Broerman; Nathan Ennist; Ella Haefner; Nora McNamara-Bordewick; Ian Haydon; Lance Stewart; Gaurav Bhardwaj; David Baker,Nature,2000-01-01T00:00:00,10.1038/s41586-026-10328-7,"['With deep-learning-powered advances in protein design methods, there is an ongoing paradigm shift in protein engineering from random selection to intentional computational design methods. Here we describe the current state of de novo protein design. While there is still room for improvement in success rates and activities, the long-standing challenges of designing new protein structures, assemblies and protein binders are close to being solved. The key current questions in these areas are not how to design, but what to design, and open-source design methodology such as RFdiffusion and ProteinMPNN together with protein structure prediction tools enable biochemists and molecular biologists to broadly explore possible applications. There has also been considerable progress in the de novo design of small-molecule target binders, enzymes and multistate protein systems. Current challenges for methods development include design of catalysts for reactions with high energy barriers and,\xa0more generally, design of switches and nanomachines that integrate binding, conformational change and catalysis. Over the next five to ten years, we anticipate the design of sophisticated protein nanomachines and materials with functionality ranging far beyond that generated during natural evolution for a wide range of applications in medicine, technology and sustainability.']",de-novo-protein-design,0,64.8,38.666666666666664,3
42578753,Drug Discovery's Blind Spot: Why Organoid-Artificial Intelligence Convergence Demands Integrated Governance.,Johnny Sakr,The American journal of bioethics : AJOB,2000-01-01T00:00:00,10.1080/15265161.2026.2710282,"['Organoid-artificial intelligence (AI) platforms are increasingly central to drug discovery, yet they sit between two governance regimes. AI frameworks presume stable, well-characterized inputs, while organoid ethics focuses on donor consent, moral status, and tissue use, leaving downstream computational uses of organoid-derived data underregulated. This article argues that the convergence of living biological variability with algorithmic decision-making creates a governance vacuum in high-stakes preclinical contexts. The organoid-AI case is distinctive because two mature governance traditions, built on incompatible assumptions, intersect at a decision-critical point, and because organoid-derived biological states are transient and often irrecoverable. The article maps the structural causes of this gap, illustrates its practical consequences through three failure scenarios assessing likely probability and impact, and proposes an integrated two-pillar framework: graduated AI validation indexed to organoid functional complexity and tamper-resistant audit trails linking biological and algorithmic metadata. It concludes that proactive governance is morally preferable to delayed, crisis-driven regulation.']",ai-drug-discovery,0,135.36044776119402,42.0,1
42596875,Advancing cancer drug discovery through the integration of machine learning and high-throughput screening.,Kamil Herbetko; Katarzyna Herbetko; Magdalena Mikołajek; Laura Wojdyło; Karolina Klasen; Marek Kulbacki; Julita Kulbacka,Future medicinal chemistry,2000-01-01T00:00:00,10.1080/17568919.2026.2714025,"['Cancer drug discovery is a complex process that requires identifying compounds that selectively target malignant cells. While high-throughput screening (HTS) is essential for testing large libraries, it generates vast datasets that are difficult to interpret. Recently, the integration of artificial intelligence (AI), particularly deep learning (DL), has significantly accelerated drug candidate selection. This review highlights the synergy between AI and HTS, emphasizing DL techniques such as convolutional neural networks for bioactivity prediction, recurrent neural networks for de novo design, and reinforcement learning for property optimization. These methods streamline preclinical research by enabling rapid multi-omics analysis and prediction of drug-target interactions. However, challenges regarding data quality, model interpretability, and ethics persist. Emerging paradigms like Explainable AI and federated learning aim to enhance transparency and collaboration while safeguarding privacy. Ultimately, overcoming these barriers through AI-HTS integration holds transformative potential to reduce development costs and improve clinical outcomes for cancer patients.']",ai-drug-discovery,0,71.24878048780488,38.5,2
42580989,Hangzhou declaration on the global development of artificial intelligence in traditional Chinese medicine.,Xiao-Hui Fan; Yu Li; Xiao-Bo Lai; Jun-Hua Zhang; Hai-Yan Li; Kong-Fa Hu; Jie Li; Jian-Xin Chen; Hu-Dan Pan; Chuan-Biao Wen; Qing Ye; Hong-Xing Kan; Xin-Xue Li; Pan-Fei Li; Yu Hu; Kai-Xian Chen; Bo-Li Zhang,Journal of integrative medicine,2000-01-01T00:00:00,10.1016/j.joim.2026.07.010,"['Artificial intelligence (AI) is having a profound impact on the production of medical knowledge, research paradigms, healthcare services and the health industry. Traditional Chinese medicine (TCM), a valuable part of human heritage and an important global health resource, is entering a period of historic innovation through its integration with AI. This convergence offers significant opportunities for the collation of classical literature, the inheritance of clinical experience, diagnosis and treatment, drug discovery, talent cultivation, industrial upgrading and health management. However, AI-enabled TCM is still in its infancy and faces challenges relating to theoretical compatibility, data quality, scientific evaluation, algorithmic transparency, ethical governance, standardization, interdisciplinary training and international coordination. The Hangzhou Declaration on the Global Development of Artificial Intelligence in Traditional Chinese Medicine sets out a shared position and a consensus based on principles for trustworthy innovation in this emerging field. It emphasizes preserving the essence of TCM while pursuing innovation, prioritizing clinical value and patient safety, strengthening ethical governance, improving data standards and scientific evaluation, fostering interdisciplinary collaboration, advancing international standards, bridging the digital divide, and cultivating globally competent talent. The Declaration aims to guide the responsible, open, inclusive and sustainable development of AI-enabled TCM, contributing to the health and well-being of humanity. Please cite this article as: Fan XH, Li Y, Lai XB, Zhang JH, Li HY, Hu KF, Li J, Chen JX, Pan HD, Wen CB, Ye Q, Kan HX, Li XX, Li PF, Hu Y, Chen KX, Zhang BL. Hangzhou declaration on the global development of artificial intelligence in traditional Chinese medicine. J Integr Med. 2026; Epub ahead of print.']",ai-drug-discovery,0,142.01612903225805,38.5,3
42231905,"Protein Design Enters the Artificial Intelligence Era: Foundations, Tools, and Emerging Paradigms.",Yanlin Mi; Arpit Shukla; Mark Tangney; Sabin Tabirca; Venkata Vb Yallapragada,Computational and structural biotechnology journal,2000-01-01T00:00:00,10.34133/csbj.0105,"['Artificial intelligence (AI) has transformed protein engineering by leveraging deep learning, protein language models, and knowledge graphs to decode relationships between sequence, structure, and function. Models like AlphaFold2 achieve near-experimental accuracy in structure prediction, while transformer-based language models facilitate de novo sequence design under functional constraints. AI enhances therapeutic protein engineering, enzyme catalysis, and synthetic biology, accelerating the transition from in silico design to experimental validation. These advances accelerate experimental validation across healthcare and industrial biotechnology. Despite algorithmic successes, challenges remain in model interpretability, training data biases, and experimental validation rates. This review examines the computational methodologies shaping protein design, benchmarking metrics, and the integration of machine learning with experimental pipelines.']",de-novo-protein-design,0,52.61142857142857,40.833333333333336,1
42127490,Decoding bacterial transcriptional regulatory networks through integrated multi-omics datasets for artificial intelligence-driven design of programmable biological systems.,Ina Bang; Jaehyung Kim; Minchang Jang; Joon Young Park; Donghyuk Kim,Current opinion in biotechnology,2000-01-01T00:00:00,10.1016/j.copbio.2026.103505,"['Advances in next-generation sequencing (NGS) have provided refined insight into bacterial transcriptional regulatory networks (TRNs) on a genome-wide scale. The integration of genomic and transcriptomic datasets has clarified the architecture of TRNs, revealing regulatory complexity that requires computational methods for interpretation. The TRNs and their regulatory elements characterized through these analyses serve as a foundation for systems biology. In this review, we discuss the progression from targeted molecular characterization to systems-level approaches. NGS-based characterization at near-single-base-pair resolution has allowed precise interrogation of DNA-binding protein dynamics. Machine learning-based frameworks, such as independent component analysis, have enabled the identification of co-regulated gene modules and the discovery of novel regulatory relationships within transcriptomic datasets. In addition, deep learning models have shown utility in uncovering transcriptional regulatory elements and guiding the de novo design of regulatory sequences. Together, these tools are being integrated into closed-loop biofoundry platforms, accelerating automated workflows in bacterial systems engineering.']",de-novo-protein-design,0,56.396153846153844,38.666666666666664,2
42056544,"The past, present and future of de novo protein design.",Wei Yang; Shunzhi Wang; Gyu Rie Lee; Jason Z Zhang; Alexis Courbet; David Juergens; Xinru Wang; Thomas Schlichthaerle; Mohamad Abedi; Robert Ragotte; Linna An; Indrek Kalvet; Sam Pellock; Ljubica Mihaljevic; Cameron Glasscock; Arvind Pillai; Adam Broerman; Nathan Ennist; Ella Haefner; Nora McNamara-Bordewick; Ian Haydon; Lance Stewart; Gaurav Bhardwaj; David Baker,Nature,2000-01-01T00:00:00,10.1038/s41586-026-10328-7,"['With deep-learning-powered advances in protein design methods, there is an ongoing paradigm shift in protein engineering from random selection to intentional computational design methods. Here we describe the current state of de novo protein design. While there is still room for improvement in success rates and activities, the long-standing challenges of designing new protein structures, assemblies and protein binders are close to being solved. The key current questions in these areas are not how to design, but what to design, and open-source design methodology such as RFdiffusion and ProteinMPNN together with protein structure prediction tools enable biochemists and molecular biologists to broadly explore possible applications. There has also been considerable progress in the de novo design of small-molecule target binders, enzymes and multistate protein systems. Current challenges for methods development include design of catalysts for reactions with high energy barriers and,\xa0more generally, design of switches and nanomachines that integrate binding, conformational change and catalysis. Over the next five to ten years, we anticipate the design of sophisticated protein nanomachines and materials with functionality ranging far beyond that generated during natural evolution for a wide range of applications in medicine, technology and sustainability.']",de-novo-protein-design,0,64.8,38.666666666666664,3
42578753,Drug Discovery's Blind Spot: Why Organoid-Artificial Intelligence Convergence Demands Integrated Governance.,Johnny Sakr,The American journal of bioethics : AJOB,2000-01-01T00:00:00,10.1080/15265161.2026.2710282,"['Organoid-artificial intelligence (AI) platforms are increasingly central to drug discovery, yet they sit between two governance regimes. AI frameworks presume stable, well-characterized inputs, while organoid ethics focuses on donor consent, moral status, and tissue use, leaving downstream computational uses of organoid-derived data underregulated. This article argues that the convergence of living biological variability with algorithmic decision-making creates a governance vacuum in high-stakes preclinical contexts. The organoid-AI case is distinctive because two mature governance traditions, built on incompatible assumptions, intersect at a decision-critical point, and because organoid-derived biological states are transient and often irrecoverable. The article maps the structural causes of this gap, illustrates its practical consequences through three failure scenarios assessing likely probability and impact, and proposes an integrated two-pillar framework: graduated AI validation indexed to organoid functional complexity and tamper-resistant audit trails linking biological and algorithmic metadata. It concludes that proactive governance is morally preferable to delayed, crisis-driven regulation.']",ai-drug-discovery,0,135.36044776119402,42.0,1
42596875,Advancing cancer drug discovery through the integration of machine learning and high-throughput screening.,Kamil Herbetko; Katarzyna Herbetko; Magdalena Mikołajek; Laura Wojdyło; Karolina Klasen; Marek Kulbacki; Julita Kulbacka,Future medicinal chemistry,2000-01-01T00:00:00,10.1080/17568919.2026.2714025,"['Cancer drug discovery is a complex process that requires identifying compounds that selectively target malignant cells. While high-throughput screening (HTS) is essential for testing large libraries, it generates vast datasets that are difficult to interpret. Recently, the integration of artificial intelligence (AI), particularly deep learning (DL), has significantly accelerated drug candidate selection. This review highlights the synergy between AI and HTS, emphasizing DL techniques such as convolutional neural networks for bioactivity prediction, recurrent neural networks for de novo design, and reinforcement learning for property optimization. These methods streamline preclinical research by enabling rapid multi-omics analysis and prediction of drug-target interactions. However, challenges regarding data quality, model interpretability, and ethics persist. Emerging paradigms like Explainable AI and federated learning aim to enhance transparency and collaboration while safeguarding privacy. Ultimately, overcoming these barriers through AI-HTS integration holds transformative potential to reduce development costs and improve clinical outcomes for cancer patients.']",ai-drug-discovery,0,71.24878048780488,38.5,2
42580989,Hangzhou declaration on the global development of artificial intelligence in traditional Chinese medicine.,Xiao-Hui Fan; Yu Li; Xiao-Bo Lai; Jun-Hua Zhang; Hai-Yan Li; Kong-Fa Hu; Jie Li; Jian-Xin Chen; Hu-Dan Pan; Chuan-Biao Wen; Qing Ye; Hong-Xing Kan; Xin-Xue Li; Pan-Fei Li; Yu Hu; Kai-Xian Chen; Bo-Li Zhang,Journal of integrative medicine,2000-01-01T00:00:00,10.1016/j.joim.2026.07.010,"['Artificial intelligence (AI) is having a profound impact on the production of medical knowledge, research paradigms, healthcare services and the health industry. Traditional Chinese medicine (TCM), a valuable part of human heritage and an important global health resource, is entering a period of historic innovation through its integration with AI. This convergence offers significant opportunities for the collation of classical literature, the inheritance of clinical experience, diagnosis and treatment, drug discovery, talent cultivation, industrial upgrading and health management. However, AI-enabled TCM is still in its infancy and faces challenges relating to theoretical compatibility, data quality, scientific evaluation, algorithmic transparency, ethical governance, standardization, interdisciplinary training and international coordination. The Hangzhou Declaration on the Global Development of Artificial Intelligence in Traditional Chinese Medicine sets out a shared position and a consensus based on principles for trustworthy innovation in this emerging field. It emphasizes preserving the essence of TCM while pursuing innovation, prioritizing clinical value and patient safety, strengthening ethical governance, improving data standards and scientific evaluation, fostering interdisciplinary collaboration, advancing international standards, bridging the digital divide, and cultivating globally competent talent. The Declaration aims to guide the responsible, open, inclusive and sustainable development of AI-enabled TCM, contributing to the health and well-being of humanity. Please cite this article as: Fan XH, Li Y, Lai XB, Zhang JH, Li HY, Hu KF, Li J, Chen JX, Pan HD, Wen CB, Ye Q, Kan HX, Li XX, Li PF, Hu Y, Chen KX, Zhang BL. Hangzhou declaration on the global development of artificial intelligence in traditional Chinese medicine. J Integr Med. 2026; Epub ahead of print.']",ai-drug-discovery,0,142.01612903225805,38.5,3
42231905,"Protein Design Enters the Artificial Intelligence Era: Foundations, Tools, and Emerging Paradigms.",Yanlin Mi; Arpit Shukla; Mark Tangney; Sabin Tabirca; Venkata Vb Yallapragada,Computational and structural biotechnology journal,2000-01-01T00:00:00,10.34133/csbj.0105,"['Artificial intelligence (AI) has transformed protein engineering by leveraging deep learning, protein language models, and knowledge graphs to decode relationships between sequence, structure, and function. Models like AlphaFold2 achieve near-experimental accuracy in structure prediction, while transformer-based language models facilitate de novo sequence design under functional constraints. AI enhances therapeutic protein engineering, enzyme catalysis, and synthetic biology, accelerating the transition from in silico design to experimental validation. These advances accelerate experimental validation across healthcare and industrial biotechnology. Despite algorithmic successes, challenges remain in model interpretability, training data biases, and experimental validation rates. This review examines the computational methodologies shaping protein design, benchmarking metrics, and the integration of machine learning with experimental pipelines.']",de-novo-protein-design,0,52.61142857142857,40.833333333333336,1
42127490,Decoding bacterial transcriptional regulatory networks through integrated multi-omics datasets for artificial intelligence-driven design of programmable biological systems.,Ina Bang; Jaehyung Kim; Minchang Jang; Joon Young Park; Donghyuk Kim,Current opinion in biotechnology,2000-01-01T00:00:00,10.1016/j.copbio.2026.103505,"['Advances in next-generation sequencing (NGS) have provided refined insight into bacterial transcriptional regulatory networks (TRNs) on a genome-wide scale. The integration of genomic and transcriptomic datasets has clarified the architecture of TRNs, revealing regulatory complexity that requires computational methods for interpretation. The TRNs and their regulatory elements characterized through these analyses serve as a foundation for systems biology. In this review, we discuss the progression from targeted molecular characterization to systems-level approaches. NGS-based characterization at near-single-base-pair resolution has allowed precise interrogation of DNA-binding protein dynamics. Machine learning-based frameworks, such as independent component analysis, have enabled the identification of co-regulated gene modules and the discovery of novel regulatory relationships within transcriptomic datasets. In addition, deep learning models have shown utility in uncovering transcriptional regulatory elements and guiding the de novo design of regulatory sequences. Together, these tools are being integrated into closed-loop biofoundry platforms, accelerating automated workflows in bacterial systems engineering.']",de-novo-protein-design,0,56.396153846153844,38.666666666666664,2
42056544,"The past, present and future of de novo protein design.",Wei Yang; Shunzhi Wang; Gyu Rie Lee; Jason Z Zhang; Alexis Courbet; David Juergens; Xinru Wang; Thomas Schlichthaerle; Mohamad Abedi; Robert Ragotte; Linna An; Indrek Kalvet; Sam Pellock; Ljubica Mihaljevic; Cameron Glasscock; Arvind Pillai; Adam Broerman; Nathan Ennist; Ella Haefner; Nora McNamara-Bordewick; Ian Haydon; Lance Stewart; Gaurav Bhardwaj; David Baker,Nature,2000-01-01T00:00:00,10.1038/s41586-026-10328-7,"['With deep-learning-powered advances in protein design methods, there is an ongoing paradigm shift in protein engineering from random selection to intentional computational design methods. Here we describe the current state of de novo protein design. While there is still room for improvement in success rates and activities, the long-standing challenges of designing new protein structures, assemblies and protein binders are close to being solved. The key current questions in these areas are not how to design, but what to design, and open-source design methodology such as RFdiffusion and ProteinMPNN together with protein structure prediction tools enable biochemists and molecular biologists to broadly explore possible applications. There has also been considerable progress in the de novo design of small-molecule target binders, enzymes and multistate protein systems. Current challenges for methods development include design of catalysts for reactions with high energy barriers and,\xa0more generally, design of switches and nanomachines that integrate binding, conformational change and catalysis. Over the next five to ten years, we anticipate the design of sophisticated protein nanomachines and materials with functionality ranging far beyond that generated during natural evolution for a wide range of applications in medicine, technology and sustainability.']",de-novo-protein-design,0,64.8,38.666666666666664,3
42578753,Drug Discovery's Blind Spot: Why Organoid-Artificial Intelligence Convergence Demands Integrated Governance.,Johnny Sakr,The American journal of bioethics : AJOB,2000-01-01T00:00:00,10.1080/15265161.2026.2710282,"['Organoid-artificial intelligence (AI) platforms are increasingly central to drug discovery, yet they sit between two governance regimes. AI frameworks presume stable, well-characterized inputs, while organoid ethics focuses on donor consent, moral status, and tissue use, leaving downstream computational uses of organoid-derived data underregulated. This article argues that the convergence of living biological variability with algorithmic decision-making creates a governance vacuum in high-stakes preclinical contexts. The organoid-AI case is distinctive because two mature governance traditions, built on incompatible assumptions, intersect at a decision-critical point, and because organoid-derived biological states are transient and often irrecoverable. The article maps the structural causes of this gap, illustrates its practical consequences through three failure scenarios assessing likely probability and impact, and proposes an integrated two-pillar framework: graduated AI validation indexed to organoid functional complexity and tamper-resistant audit trails linking biological and algorithmic metadata. It concludes that proactive governance is morally preferable to delayed, crisis-driven regulation.']",ai-drug-discovery,0,135.36044776119402,42.0,1
42596875,Advancing cancer drug discovery through the integration of machine learning and high-throughput screening.,Kamil Herbetko; Katarzyna Herbetko; Magdalena Mikołajek; Laura Wojdyło; Karolina Klasen; Marek Kulbacki; Julita Kulbacka,Future medicinal chemistry,2000-01-01T00:00:00,10.1080/17568919.2026.2714025,"['Cancer drug discovery is a complex process that requires identifying compounds that selectively target malignant cells. While high-throughput screening (HTS) is essential for testing large libraries, it generates vast datasets that are difficult to interpret. Recently, the integration of artificial intelligence (AI), particularly deep learning (DL), has significantly accelerated drug candidate selection. This review highlights the synergy between AI and HTS, emphasizing DL techniques such as convolutional neural networks for bioactivity prediction, recurrent neural networks for de novo design, and reinforcement learning for property optimization. These methods streamline preclinical research by enabling rapid multi-omics analysis and prediction of drug-target interactions. However, challenges regarding data quality, model interpretability, and ethics persist. Emerging paradigms like Explainable AI and federated learning aim to enhance transparency and collaboration while safeguarding privacy. Ultimately, overcoming these barriers through AI-HTS integration holds transformative potential to reduce development costs and improve clinical outcomes for cancer patients.']",ai-drug-discovery,0,71.24878048780488,38.5,2
42580989,Hangzhou declaration on the global development of artificial intelligence in traditional Chinese medicine.,Xiao-Hui Fan; Yu Li; Xiao-Bo Lai; Jun-Hua Zhang; Hai-Yan Li; Kong-Fa Hu; Jie Li; Jian-Xin Chen; Hu-Dan Pan; Chuan-Biao Wen; Qing Ye; Hong-Xing Kan; Xin-Xue Li; Pan-Fei Li; Yu Hu; Kai-Xian Chen; Bo-Li Zhang,Journal of integrative medicine,2000-01-01T00:00:00,10.1016/j.joim.2026.07.010,"['Artificial intelligence (AI) is having a profound impact on the production of medical knowledge, research paradigms, healthcare services and the health industry. Traditional Chinese medicine (TCM), a valuable part of human heritage and an important global health resource, is entering a period of historic innovation through its integration with AI. This convergence offers significant opportunities for the collation of classical literature, the inheritance of clinical experience, diagnosis and treatment, drug discovery, talent cultivation, industrial upgrading and health management. However, AI-enabled TCM is still in its infancy and faces challenges relating to theoretical compatibility, data quality, scientific evaluation, algorithmic transparency, ethical governance, standardization, interdisciplinary training and international coordination. The Hangzhou Declaration on the Global Development of Artificial Intelligence in Traditional Chinese Medicine sets out a shared position and a consensus based on principles for trustworthy innovation in this emerging field. It emphasizes preserving the essence of TCM while pursuing innovation, prioritizing clinical value and patient safety, strengthening ethical governance, improving data standards and scientific evaluation, fostering interdisciplinary collaboration, advancing international standards, bridging the digital divide, and cultivating globally competent talent. The Declaration aims to guide the responsible, open, inclusive and sustainable development of AI-enabled TCM, contributing to the health and well-being of humanity. Please cite this article as: Fan XH, Li Y, Lai XB, Zhang JH, Li HY, Hu KF, Li J, Chen JX, Pan HD, Wen CB, Ye Q, Kan HX, Li XX, Li PF, Hu Y, Chen KX, Zhang BL. Hangzhou declaration on the global development of artificial intelligence in traditional Chinese medicine. J Integr Med. 2026; Epub ahead of print.']",ai-drug-discovery,0,142.01612903225805,38.5,3
42231905,"Protein Design Enters the Artificial Intelligence Era: Foundations, Tools, and Emerging Paradigms.",Yanlin Mi; Arpit Shukla; Mark Tangney; Sabin Tabirca; Venkata Vb Yallapragada,Computational and structural biotechnology journal,2000-01-01T00:00:00,10.34133/csbj.0105,"['Artificial intelligence (AI) has transformed protein engineering by leveraging deep learning, protein language models, and knowledge graphs to decode relationships between sequence, structure, and function. Models like AlphaFold2 achieve near-experimental accuracy in structure prediction, while transformer-based language models facilitate de novo sequence design under functional constraints. AI enhances therapeutic protein engineering, enzyme catalysis, and synthetic biology, accelerating the transition from in silico design to experimental validation. These advances accelerate experimental validation across healthcare and industrial biotechnology. Despite algorithmic successes, challenges remain in model interpretability, training data biases, and experimental validation rates. This review examines the computational methodologies shaping protein design, benchmarking metrics, and the integration of machine learning with experimental pipelines.']",de-novo-protein-design,0,52.61142857142857,40.833333333333336,1
42127490,Decoding bacterial transcriptional regulatory networks through integrated multi-omics datasets for artificial intelligence-driven design of programmable biological systems.,Ina Bang; Jaehyung Kim; Minchang Jang; Joon Young Park; Donghyuk Kim,Current opinion in biotechnology,2000-01-01T00:00:00,10.1016/j.copbio.2026.103505,"['Advances in next-generation sequencing (NGS) have provided refined insight into bacterial transcriptional regulatory networks (TRNs) on a genome-wide scale. The integration of genomic and transcriptomic datasets has clarified the architecture of TRNs, revealing regulatory complexity that requires computational methods for interpretation. The TRNs and their regulatory elements characterized through these analyses serve as a foundation for systems biology. In this review, we discuss the progression from targeted molecular characterization to systems-level approaches. NGS-based characterization at near-single-base-pair resolution has allowed precise interrogation of DNA-binding protein dynamics. Machine learning-based frameworks, such as independent component analysis, have enabled the identification of co-regulated gene modules and the discovery of novel regulatory relationships within transcriptomic datasets. In addition, deep learning models have shown utility in uncovering transcriptional regulatory elements and guiding the de novo design of regulatory sequences. Together, these tools are being integrated into closed-loop biofoundry platforms, accelerating automated workflows in bacterial systems engineering.']",de-novo-protein-design,0,56.396153846153844,38.666666666666664,2
42056544,"The past, present and future of de novo protein design.",Wei Yang; Shunzhi Wang; Gyu Rie Lee; Jason Z Zhang; Alexis Courbet; David Juergens; Xinru Wang; Thomas Schlichthaerle; Mohamad Abedi; Robert Ragotte; Linna An; Indrek Kalvet; Sam Pellock; Ljubica Mihaljevic; Cameron Glasscock; Arvind Pillai; Adam Broerman; Nathan Ennist; Ella Haefner; Nora McNamara-Bordewick; Ian Haydon; Lance Stewart; Gaurav Bhardwaj; David Baker,Nature,2000-01-01T00:00:00,10.1038/s41586-026-10328-7,"['With deep-learning-powered advances in protein design methods, there is an ongoing paradigm shift in protein engineering from random selection to intentional computational design methods. Here we describe the current state of de novo protein design. While there is still room for improvement in success rates and activities, the long-standing challenges of designing new protein structures, assemblies and protein binders are close to being solved. The key current questions in these areas are not how to design, but what to design, and open-source design methodology such as RFdiffusion and ProteinMPNN together with protein structure prediction tools enable biochemists and molecular biologists to broadly explore possible applications. There has also been considerable progress in the de novo design of small-molecule target binders, enzymes and multistate protein systems. Current challenges for methods development include design of catalysts for reactions with high energy barriers and,\xa0more generally, design of switches and nanomachines that integrate binding, conformational change and catalysis. Over the next five to ten years, we anticipate the design of sophisticated protein nanomachines and materials with functionality ranging far beyond that generated during natural evolution for a wide range of applications in medicine, technology and sustainability.']",de-novo-protein-design,0,64.8,38.666666666666664,3
42578753,Drug Discovery's Blind Spot: Why Organoid-Artificial Intelligence Convergence Demands Integrated Governance.,Johnny Sakr,The American journal of bioethics : AJOB,2000-01-01T00:00:00,10.1080/15265161.2026.2710282,"['Organoid-artificial intelligence (AI) platforms are increasingly central to drug discovery, yet they sit between two governance regimes. AI frameworks presume stable, well-characterized inputs, while organoid ethics focuses on donor consent, moral status, and tissue use, leaving downstream computational uses of organoid-derived data underregulated. This article argues that the convergence of living biological variability with algorithmic decision-making creates a governance vacuum in high-stakes preclinical contexts. The organoid-AI case is distinctive because two mature governance traditions, built on incompatible assumptions, intersect at a decision-critical point, and because organoid-derived biological states are transient and often irrecoverable. The article maps the structural causes of this gap, illustrates its practical consequences through three failure scenarios assessing likely probability and impact, and proposes an integrated two-pillar framework: graduated AI validation indexed to organoid functional complexity and tamper-resistant audit trails linking biological and algorithmic metadata. It concludes that proactive governance is morally preferable to delayed, crisis-driven regulation.']",ai-drug-discovery,0,135.36044776119402,42.0,1
42596875,Advancing cancer drug discovery through the integration of machine learning and high-throughput screening.,Kamil Herbetko; Katarzyna Herbetko; Magdalena Mikołajek; Laura Wojdyło; Karolina Klasen; Marek Kulbacki; Julita Kulbacka,Future medicinal chemistry,2000-01-01T00:00:00,10.1080/17568919.2026.2714025,"['Cancer drug discovery is a complex process that requires identifying compounds that selectively target malignant cells. While high-throughput screening (HTS) is essential for testing large libraries, it generates vast datasets that are difficult to interpret. Recently, the integration of artificial intelligence (AI), particularly deep learning (DL), has significantly accelerated drug candidate selection. This review highlights the synergy between AI and HTS, emphasizing DL techniques such as convolutional neural networks for bioactivity prediction, recurrent neural networks for de novo design, and reinforcement learning for property optimization. These methods streamline preclinical research by enabling rapid multi-omics analysis and prediction of drug-target interactions. However, challenges regarding data quality, model interpretability, and ethics persist. Emerging paradigms like Explainable AI and federated learning aim to enhance transparency and collaboration while safeguarding privacy. Ultimately, overcoming these barriers through AI-HTS integration holds transformative potential to reduce development costs and improve clinical outcomes for cancer patients.']",ai-drug-discovery,0,71.24878048780488,38.5,2
42580989,Hangzhou declaration on the global development of artificial intelligence in traditional Chinese medicine.,Xiao-Hui Fan; Yu Li; Xiao-Bo Lai; Jun-Hua Zhang; Hai-Yan Li; Kong-Fa Hu; Jie Li; Jian-Xin Chen; Hu-Dan Pan; Chuan-Biao Wen; Qing Ye; Hong-Xing Kan; Xin-Xue Li; Pan-Fei Li; Yu Hu; Kai-Xian Chen; Bo-Li Zhang,Journal of integrative medicine,2000-01-01T00:00:00,10.1016/j.joim.2026.07.010,"['Artificial intelligence (AI) is having a profound impact on the production of medical knowledge, research paradigms, healthcare services and the health industry. Traditional Chinese medicine (TCM), a valuable part of human heritage and an important global health resource, is entering a period of historic innovation through its integration with AI. This convergence offers significant opportunities for the collation of classical literature, the inheritance of clinical experience, diagnosis and treatment, drug discovery, talent cultivation, industrial upgrading and health management. However, AI-enabled TCM is still in its infancy and faces challenges relating to theoretical compatibility, data quality, scientific evaluation, algorithmic transparency, ethical governance, standardization, interdisciplinary training and international coordination. The Hangzhou Declaration on the Global Development of Artificial Intelligence in Traditional Chinese Medicine sets out a shared position and a consensus based on principles for trustworthy innovation in this emerging field. It emphasizes preserving the essence of TCM while pursuing innovation, prioritizing clinical value and patient safety, strengthening ethical governance, improving data standards and scientific evaluation, fostering interdisciplinary collaboration, advancing international standards, bridging the digital divide, and cultivating globally competent talent. The Declaration aims to guide the responsible, open, inclusive and sustainable development of AI-enabled TCM, contributing to the health and well-being of humanity. Please cite this article as: Fan XH, Li Y, Lai XB, Zhang JH, Li HY, Hu KF, Li J, Chen JX, Pan HD, Wen CB, Ye Q, Kan HX, Li XX, Li PF, Hu Y, Chen KX, Zhang BL. Hangzhou declaration on the global development of artificial intelligence in traditional Chinese medicine. J Integr Med. 2026; Epub ahead of print.']",ai-drug-discovery,0,142.01612903225805,38.5,3
42231905,"Protein Design Enters the Artificial Intelligence Era: Foundations, Tools, and Emerging Paradigms.",Yanlin Mi; Arpit Shukla; Mark Tangney; Sabin Tabirca; Venkata Vb Yallapragada,Computational and structural biotechnology journal,2000-01-01T00:00:00,10.34133/csbj.0105,"['Artificial intelligence (AI) has transformed protein engineering by leveraging deep learning, protein language models, and knowledge graphs to decode relationships between sequence, structure, and function. Models like AlphaFold2 achieve near-experimental accuracy in structure prediction, while transformer-based language models facilitate de novo sequence design under functional constraints. AI enhances therapeutic protein engineering, enzyme catalysis, and synthetic biology, accelerating the transition from in silico design to experimental validation. These advances accelerate experimental validation across healthcare and industrial biotechnology. Despite algorithmic successes, challenges remain in model interpretability, training data biases, and experimental validation rates. This review examines the computational methodologies shaping protein design, benchmarking metrics, and the integration of machine learning with experimental pipelines.']",de-novo-protein-design,0,52.61142857142857,40.833333333333336,1
42127490,Decoding bacterial transcriptional regulatory networks through integrated multi-omics datasets for artificial intelligence-driven design of programmable biological systems.,Ina Bang; Jaehyung Kim; Minchang Jang; Joon Young Park; Donghyuk Kim,Current opinion in biotechnology,2000-01-01T00:00:00,10.1016/j.copbio.2026.103505,"['Advances in next-generation sequencing (NGS) have provided refined insight into bacterial transcriptional regulatory networks (TRNs) on a genome-wide scale. The integration of genomic and transcriptomic datasets has clarified the architecture of TRNs, revealing regulatory complexity that requires computational methods for interpretation. The TRNs and their regulatory elements characterized through these analyses serve as a foundation for systems biology. In this review, we discuss the progression from targeted molecular characterization to systems-level approaches. NGS-based characterization at near-single-base-pair resolution has allowed precise interrogation of DNA-binding protein dynamics. Machine learning-based frameworks, such as independent component analysis, have enabled the identification of co-regulated gene modules and the discovery of novel regulatory relationships within transcriptomic datasets. In addition, deep learning models have shown utility in uncovering transcriptional regulatory elements and guiding the de novo design of regulatory sequences. Together, these tools are being integrated into closed-loop biofoundry platforms, accelerating automated workflows in bacterial systems engineering.']",de-novo-protein-design,0,56.396153846153844,38.666666666666664,2
42056544,"The past, present and future of de novo protein design.",Wei Yang; Shunzhi Wang; Gyu Rie Lee; Jason Z Zhang; Alexis Courbet; David Juergens; Xinru Wang; Thomas Schlichthaerle; Mohamad Abedi; Robert Ragotte; Linna An; Indrek Kalvet; Sam Pellock; Ljubica Mihaljevic; Cameron Glasscock; Arvind Pillai; Adam Broerman; Nathan Ennist; Ella Haefner; Nora McNamara-Bordewick; Ian Haydon; Lance Stewart; Gaurav Bhardwaj; David Baker,Nature,2000-01-01T00:00:00,10.1038/s41586-026-10328-7,"['With deep-learning-powered advances in protein design methods, there is an ongoing paradigm shift in protein engineering from random selection to intentional computational design methods. Here we describe the current state of de novo protein design. While there is still room for improvement in success rates and activities, the long-standing challenges of designing new protein structures, assemblies and protein binders are close to being solved. The key current questions in these areas are not how to design, but what to design, and open-source design methodology such as RFdiffusion and ProteinMPNN together with protein structure prediction tools enable biochemists and molecular biologists to broadly explore possible applications. There has also been considerable progress in the de novo design of small-molecule target binders, enzymes and multistate protein systems. Current challenges for methods development include design of catalysts for reactions with high energy barriers and,\xa0more generally, design of switches and nanomachines that integrate binding, conformational change and catalysis. Over the next five to ten years, we anticipate the design of sophisticated protein nanomachines and materials with functionality ranging far beyond that generated during natural evolution for a wide range of applications in medicine, technology and sustainability.']",de-novo-protein-design,0,64.8,38.666666666666664,3
42578753,Drug Discovery's Blind Spot: Why Organoid-Artificial Intelligence Convergence Demands Integrated Governance.,Johnny Sakr,The American journal of bioethics : AJOB,2000-01-01T00:00:00,10.1080/15265161.2026.2710282,"['Organoid-artificial intelligence (AI) platforms are increasingly central to drug discovery, yet they sit between two governance regimes. AI frameworks presume stable, well-characterized inputs, while organoid ethics focuses on donor consent, moral status, and tissue use, leaving downstream computational uses of organoid-derived data underregulated. This article argues that the convergence of living biological variability with algorithmic decision-making creates a governance vacuum in high-stakes preclinical contexts. The organoid-AI case is distinctive because two mature governance traditions, built on incompatible assumptions, intersect at a decision-critical point, and because organoid-derived biological states are transient and often irrecoverable. The article maps the structural causes of this gap, illustrates its practical consequences through three failure scenarios assessing likely probability and impact, and proposes an integrated two-pillar framework: graduated AI validation indexed to organoid functional complexity and tamper-resistant audit trails linking biological and algorithmic metadata. It concludes that proactive governance is morally preferable to delayed, crisis-driven regulation.']",ai-drug-discovery,0,135.36044776119402,42.0,1
42596875,Advancing cancer drug discovery through the integration of machine learning and high-throughput screening.,Kamil Herbetko; Katarzyna Herbetko; Magdalena Mikołajek; Laura Wojdyło; Karolina Klasen; Marek Kulbacki; Julita Kulbacka,Future medicinal chemistry,2000-01-01T00:00:00,10.1080/17568919.2026.2714025,"['Cancer drug discovery is a complex process that requires identifying compounds that selectively target malignant cells. While high-throughput screening (HTS) is essential for testing large libraries, it generates vast datasets that are difficult to interpret. Recently, the integration of artificial intelligence (AI), particularly deep learning (DL), has significantly accelerated drug candidate selection. This review highlights the synergy between AI and HTS, emphasizing DL techniques such as convolutional neural networks for bioactivity prediction, recurrent neural networks for de novo design, and reinforcement learning for property optimization. These methods streamline preclinical research by enabling rapid multi-omics analysis and prediction of drug-target interactions. However, challenges regarding data quality, model interpretability, and ethics persist. Emerging paradigms like Explainable AI and federated learning aim to enhance transparency and collaboration while safeguarding privacy. Ultimately, overcoming these barriers through AI-HTS integration holds transformative potential to reduce development costs and improve clinical outcomes for cancer patients.']",ai-drug-discovery,0,71.24878048780488,38.5,2
42580989,Hangzhou declaration on the global development of artificial intelligence in traditional Chinese medicine.,Xiao-Hui Fan; Yu Li; Xiao-Bo Lai; Jun-Hua Zhang; Hai-Yan Li; Kong-Fa Hu; Jie Li; Jian-Xin Chen; Hu-Dan Pan; Chuan-Biao Wen; Qing Ye; Hong-Xing Kan; Xin-Xue Li; Pan-Fei Li; Yu Hu; Kai-Xian Chen; Bo-Li Zhang,Journal of integrative medicine,2000-01-01T00:00:00,10.1016/j.joim.2026.07.010,"['Artificial intelligence (AI) is having a profound impact on the production of medical knowledge, research paradigms, healthcare services and the health industry. Traditional Chinese medicine (TCM), a valuable part of human heritage and an important global health resource, is entering a period of historic innovation through its integration with AI. This convergence offers significant opportunities for the collation of classical literature, the inheritance of clinical experience, diagnosis and treatment, drug discovery, talent cultivation, industrial upgrading and health management. However, AI-enabled TCM is still in its infancy and faces challenges relating to theoretical compatibility, data quality, scientific evaluation, algorithmic transparency, ethical governance, standardization, interdisciplinary training and international coordination. The Hangzhou Declaration on the Global Development of Artificial Intelligence in Traditional Chinese Medicine sets out a shared position and a consensus based on principles for trustworthy innovation in this emerging field. It emphasizes preserving the essence of TCM while pursuing innovation, prioritizing clinical value and patient safety, strengthening ethical governance, improving data standards and scientific evaluation, fostering interdisciplinary collaboration, advancing international standards, bridging the digital divide, and cultivating globally competent talent. The Declaration aims to guide the responsible, open, inclusive and sustainable development of AI-enabled TCM, contributing to the health and well-being of humanity. Please cite this article as: Fan XH, Li Y, Lai XB, Zhang JH, Li HY, Hu KF, Li J, Chen JX, Pan HD, Wen CB, Ye Q, Kan HX, Li XX, Li PF, Hu Y, Chen KX, Zhang BL. Hangzhou declaration on the global development of artificial intelligence in traditional Chinese medicine. J Integr Med. 2026; Epub ahead of print.']",ai-drug-discovery,0,142.01612903225805,38.5,3
42231905,"Protein Design Enters the Artificial Intelligence Era: Foundations, Tools, and Emerging Paradigms.",Yanlin Mi; Arpit Shukla; Mark Tangney; Sabin Tabirca; Venkata Vb Yallapragada,Computational and structural biotechnology journal,2000-01-01T00:00:00,10.34133/csbj.0105,"['Artificial intelligence (AI) has transformed protein engineering by leveraging deep learning, protein language models, and knowledge graphs to decode relationships between sequence, structure, and function. Models like AlphaFold2 achieve near-experimental accuracy in structure prediction, while transformer-based language models facilitate de novo sequence design under functional constraints. AI enhances therapeutic protein engineering, enzyme catalysis, and synthetic biology, accelerating the transition from in silico design to experimental validation. These advances accelerate experimental validation across healthcare and industrial biotechnology. Despite algorithmic successes, challenges remain in model interpretability, training data biases, and experimental validation rates. This review examines the computational methodologies shaping protein design, benchmarking metrics, and the integration of machine learning with experimental pipelines.']",de-novo-protein-design,0,52.61142857142857,40.833333333333336,1
42127490,Decoding bacterial transcriptional regulatory networks through integrated multi-omics datasets for artificial intelligence-driven design of programmable biological systems.,Ina Bang; Jaehyung Kim; Minchang Jang; Joon Young Park; Donghyuk Kim,Current opinion in biotechnology,2000-01-01T00:00:00,10.1016/j.copbio.2026.103505,"['Advances in next-generation sequencing (NGS) have provided refined insight into bacterial transcriptional regulatory networks (TRNs) on a genome-wide scale. The integration of genomic and transcriptomic datasets has clarified the architecture of TRNs, revealing regulatory complexity that requires computational methods for interpretation. The TRNs and their regulatory elements characterized through these analyses serve as a foundation for systems biology. In this review, we discuss the progression from targeted molecular characterization to systems-level approaches. NGS-based characterization at near-single-base-pair resolution has allowed precise interrogation of DNA-binding protein dynamics. Machine learning-based frameworks, such as independent component analysis, have enabled the identification of co-regulated gene modules and the discovery of novel regulatory relationships within transcriptomic datasets. In addition, deep learning models have shown utility in uncovering transcriptional regulatory elements and guiding the de novo design of regulatory sequences. Together, these tools are being integrated into closed-loop biofoundry platforms, accelerating automated workflows in bacterial systems engineering.']",de-novo-protein-design,0,56.396153846153844,38.666666666666664,2
42056544,"The past, present and future of de novo protein design.",Wei Yang; Shunzhi Wang; Gyu Rie Lee; Jason Z Zhang; Alexis Courbet; David Juergens; Xinru Wang; Thomas Schlichthaerle; Mohamad Abedi; Robert Ragotte; Linna An; Indrek Kalvet; Sam Pellock; Ljubica Mihaljevic; Cameron Glasscock; Arvind Pillai; Adam Broerman; Nathan Ennist; Ella Haefner; Nora McNamara-Bordewick; Ian Haydon; Lance Stewart; Gaurav Bhardwaj; David Baker,Nature,2000-01-01T00:00:00,10.1038/s41586-026-10328-7,"['With deep-learning-powered advances in protein design methods, there is an ongoing paradigm shift in protein engineering from random selection to intentional computational design methods. Here we describe the current state of de novo protein design. While there is still room for improvement in success rates and activities, the long-standing challenges of designing new protein structures, assemblies and protein binders are close to being solved. The key current questions in these areas are not how to design, but what to design, and open-source design methodology such as RFdiffusion and ProteinMPNN together with protein structure prediction tools enable biochemists and molecular biologists to broadly explore possible applications. There has also been considerable progress in the de novo design of small-molecule target binders, enzymes and multistate protein systems. Current challenges for methods development include design of catalysts for reactions with high energy barriers and,\xa0more generally, design of switches and nanomachines that integrate binding, conformational change and catalysis. Over the next five to ten years, we anticipate the design of sophisticated protein nanomachines and materials with functionality ranging far beyond that generated during natural evolution for a wide range of applications in medicine, technology and sustainability.']",de-novo-protein-design,0,64.8,38.666666666666664,3
42578753,Drug Discovery's Blind Spot: Why Organoid-Artificial Intelligence Convergence Demands Integrated Governance.,Johnny Sakr,The American journal of bioethics : AJOB,2000-01-01T00:00:00,10.1080/15265161.2026.2710282,"['Organoid-artificial intelligence (AI) platforms are increasingly central to drug discovery, yet they sit between two governance regimes. AI frameworks presume stable, well-characterized inputs, while organoid ethics focuses on donor consent, moral status, and tissue use, leaving downstream computational uses of organoid-derived data underregulated. This article argues that the convergence of living biological variability with algorithmic decision-making creates a governance vacuum in high-stakes preclinical contexts. The organoid-AI case is distinctive because two mature governance traditions, built on incompatible assumptions, intersect at a decision-critical point, and because organoid-derived biological states are transient and often irrecoverable. The article maps the structural causes of this gap, illustrates its practical consequences through three failure scenarios assessing likely probability and impact, and proposes an integrated two-pillar framework: graduated AI validation indexed to organoid functional complexity and tamper-resistant audit trails linking biological and algorithmic metadata. It concludes that proactive governance is morally preferable to delayed, crisis-driven regulation.']",ai-drug-discovery,0,135.36044776119402,42.0,1
42596875,Advancing cancer drug discovery through the integration of machine learning and high-throughput screening.,Kamil Herbetko; Katarzyna Herbetko; Magdalena Mikołajek; Laura Wojdyło; Karolina Klasen; Marek Kulbacki; Julita Kulbacka,Future medicinal chemistry,2000-01-01T00:00:00,10.1080/17568919.2026.2714025,"['Cancer drug discovery is a complex process that requires identifying compounds that selectively target malignant cells. While high-throughput screening (HTS) is essential for testing large libraries, it generates vast datasets that are difficult to interpret. Recently, the integration of artificial intelligence (AI), particularly deep learning (DL), has significantly accelerated drug candidate selection. This review highlights the synergy between AI and HTS, emphasizing DL techniques such as convolutional neural networks for bioactivity prediction, recurrent neural networks for de novo design, and reinforcement learning for property optimization. These methods streamline preclinical research by enabling rapid multi-omics analysis and prediction of drug-target interactions. However, challenges regarding data quality, model interpretability, and ethics persist. Emerging paradigms like Explainable AI and federated learning aim to enhance transparency and collaboration while safeguarding privacy. Ultimately, overcoming these barriers through AI-HTS integration holds transformative potential to reduce development costs and improve clinical outcomes for cancer patients.']",ai-drug-discovery,0,71.24878048780488,38.5,2
42580989,Hangzhou declaration on the global development of artificial intelligence in traditional Chinese medicine.,Xiao-Hui Fan; Yu Li; Xiao-Bo Lai; Jun-Hua Zhang; Hai-Yan Li; Kong-Fa Hu; Jie Li; Jian-Xin Chen; Hu-Dan Pan; Chuan-Biao Wen; Qing Ye; Hong-Xing Kan; Xin-Xue Li; Pan-Fei Li; Yu Hu; Kai-Xian Chen; Bo-Li Zhang,Journal of integrative medicine,2000-01-01T00:00:00,10.1016/j.joim.2026.07.010,"['Artificial intelligence (AI) is having a profound impact on the production of medical knowledge, research paradigms, healthcare services and the health industry. Traditional Chinese medicine (TCM), a valuable part of human heritage and an important global health resource, is entering a period of historic innovation through its integration with AI. This convergence offers significant opportunities for the collation of classical literature, the inheritance of clinical experience, diagnosis and treatment, drug discovery, talent cultivation, industrial upgrading and health management. However, AI-enabled TCM is still in its infancy and faces challenges relating to theoretical compatibility, data quality, scientific evaluation, algorithmic transparency, ethical governance, standardization, interdisciplinary training and international coordination. The Hangzhou Declaration on the Global Development of Artificial Intelligence in Traditional Chinese Medicine sets out a shared position and a consensus based on principles for trustworthy innovation in this emerging field. It emphasizes preserving the essence of TCM while pursuing innovation, prioritizing clinical value and patient safety, strengthening ethical governance, improving data standards and scientific evaluation, fostering interdisciplinary collaboration, advancing international standards, bridging the digital divide, and cultivating globally competent talent. The Declaration aims to guide the responsible, open, inclusive and sustainable development of AI-enabled TCM, contributing to the health and well-being of humanity. Please cite this article as: Fan XH, Li Y, Lai XB, Zhang JH, Li HY, Hu KF, Li J, Chen JX, Pan HD, Wen CB, Ye Q, Kan HX, Li XX, Li PF, Hu Y, Chen KX, Zhang BL. Hangzhou declaration on the global development of artificial intelligence in traditional Chinese medicine. J Integr Med. 2026; Epub ahead of print.']",ai-drug-discovery,0,142.01612903225805,38.5,3
42231905,"Protein Design Enters the Artificial Intelligence Era: Foundations, Tools, and Emerging Paradigms.",Yanlin Mi; Arpit Shukla; Mark Tangney; Sabin Tabirca; Venkata Vb Yallapragada,Computational and structural biotechnology journal,2000-01-01T00:00:00,10.34133/csbj.0105,"['Artificial intelligence (AI) has transformed protein engineering by leveraging deep learning, protein language models, and knowledge graphs to decode relationships between sequence, structure, and function. Models like AlphaFold2 achieve near-experimental accuracy in structure prediction, while transformer-based language models facilitate de novo sequence design under functional constraints. AI enhances therapeutic protein engineering, enzyme catalysis, and synthetic biology, accelerating the transition from in silico design to experimental validation. These advances accelerate experimental validation across healthcare and industrial biotechnology. Despite algorithmic successes, challenges remain in model interpretability, training data biases, and experimental validation rates. This review examines the computational methodologies shaping protein design, benchmarking metrics, and the integration of machine learning with experimental pipelines.']",de-novo-protein-design,0,52.61142857142857,40.833333333333336,1
42127490,Decoding bacterial transcriptional regulatory networks through integrated multi-omics datasets for artificial intelligence-driven design of programmable biological systems.,Ina Bang; Jaehyung Kim; Minchang Jang; Joon Young Park; Donghyuk Kim,Current opinion in biotechnology,2000-01-01T00:00:00,10.1016/j.copbio.2026.103505,"['Advances in next-generation sequencing (NGS) have provided refined insight into bacterial transcriptional regulatory networks (TRNs) on a genome-wide scale. The integration of genomic and transcriptomic datasets has clarified the architecture of TRNs, revealing regulatory complexity that requires computational methods for interpretation. The TRNs and their regulatory elements characterized through these analyses serve as a foundation for systems biology. In this review, we discuss the progression from targeted molecular characterization to systems-level approaches. NGS-based characterization at near-single-base-pair resolution has allowed precise interrogation of DNA-binding protein dynamics. Machine learning-based frameworks, such as independent component analysis, have enabled the identification of co-regulated gene modules and the discovery of novel regulatory relationships within transcriptomic datasets. In addition, deep learning models have shown utility in uncovering transcriptional regulatory elements and guiding the de novo design of regulatory sequences. Together, these tools are being integrated into closed-loop biofoundry platforms, accelerating automated workflows in bacterial systems engineering.']",de-novo-protein-design,0,56.396153846153844,38.666666666666664,2
42056544,"The past, present and future of de novo protein design.",Wei Yang; Shunzhi Wang; Gyu Rie Lee; Jason Z Zhang; Alexis Courbet; David Juergens; Xinru Wang; Thomas Schlichthaerle; Mohamad Abedi; Robert Ragotte; Linna An; Indrek Kalvet; Sam Pellock; Ljubica Mihaljevic; Cameron Glasscock; Arvind Pillai; Adam Broerman; Nathan Ennist; Ella Haefner; Nora McNamara-Bordewick; Ian Haydon; Lance Stewart; Gaurav Bhardwaj; David Baker,Nature,2000-01-01T00:00:00,10.1038/s41586-026-10328-7,"['With deep-learning-powered advances in protein design methods, there is an ongoing paradigm shift in protein engineering from random selection to intentional computational design methods. Here we describe the current state of de novo protein design. While there is still room for improvement in success rates and activities, the long-standing challenges of designing new protein structures, assemblies and protein binders are close to being solved. The key current questions in these areas are not how to design, but what to design, and open-source design methodology such as RFdiffusion and ProteinMPNN together with protein structure prediction tools enable biochemists and molecular biologists to broadly explore possible applications. There has also been considerable progress in the de novo design of small-molecule target binders, enzymes and multistate protein systems. Current challenges for methods development include design of catalysts for reactions with high energy barriers and,\xa0more generally, design of switches and nanomachines that integrate binding, conformational change and catalysis. Over the next five to ten years, we anticipate the design of sophisticated protein nanomachines and materials with functionality ranging far beyond that generated during natural evolution for a wide range of applications in medicine, technology and sustainability.']",de-novo-protein-design,0,64.8,38.666666666666664,3
42578753,Drug Discovery's Blind Spot: Why Organoid-Artificial Intelligence Convergence Demands Integrated Governance.,Johnny Sakr,The American journal of bioethics : AJOB,2000-01-01T00:00:00,10.1080/15265161.2026.2710282,"['Organoid-artificial intelligence (AI) platforms are increasingly central to drug discovery, yet they sit between two governance regimes. AI frameworks presume stable, well-characterized inputs, while organoid ethics focuses on donor consent, moral status, and tissue use, leaving downstream computational uses of organoid-derived data underregulated. This article argues that the convergence of living biological variability with algorithmic decision-making creates a governance vacuum in high-stakes preclinical contexts. The organoid-AI case is distinctive because two mature governance traditions, built on incompatible assumptions, intersect at a decision-critical point, and because organoid-derived biological states are transient and often irrecoverable. The article maps the structural causes of this gap, illustrates its practical consequences through three failure scenarios assessing likely probability and impact, and proposes an integrated two-pillar framework: graduated AI validation indexed to organoid functional complexity and tamper-resistant audit trails linking biological and algorithmic metadata. It concludes that proactive governance is morally preferable to delayed, crisis-driven regulation.']",ai-drug-discovery,0,135.36044776119402,42.0,1
42596875,Advancing cancer drug discovery through the integration of machine learning and high-throughput screening.,Kamil Herbetko; Katarzyna Herbetko; Magdalena Mikołajek; Laura Wojdyło; Karolina Klasen; Marek Kulbacki; Julita Kulbacka,Future medicinal chemistry,2000-01-01T00:00:00,10.1080/17568919.2026.2714025,"['Cancer drug discovery is a complex process that requires identifying compounds that selectively target malignant cells. While high-throughput screening (HTS) is essential for testing large libraries, it generates vast datasets that are difficult to interpret. Recently, the integration of artificial intelligence (AI), particularly deep learning (DL), has significantly accelerated drug candidate selection. This review highlights the synergy between AI and HTS, emphasizing DL techniques such as convolutional neural networks for bioactivity prediction, recurrent neural networks for de novo design, and reinforcement learning for property optimization. These methods streamline preclinical research by enabling rapid multi-omics analysis and prediction of drug-target interactions. However, challenges regarding data quality, model interpretability, and ethics persist. Emerging paradigms like Explainable AI and federated learning aim to enhance transparency and collaboration while safeguarding privacy. Ultimately, overcoming these barriers through AI-HTS integration holds transformative potential to reduce development costs and improve clinical outcomes for cancer patients.']",ai-drug-discovery,0,71.24878048780488,38.5,2
42580989,Hangzhou declaration on the global development of artificial intelligence in traditional Chinese medicine.,Xiao-Hui Fan; Yu Li; Xiao-Bo Lai; Jun-Hua Zhang; Hai-Yan Li; Kong-Fa Hu; Jie Li; Jian-Xin Chen; Hu-Dan Pan; Chuan-Biao Wen; Qing Ye; Hong-Xing Kan; Xin-Xue Li; Pan-Fei Li; Yu Hu; Kai-Xian Chen; Bo-Li Zhang,Journal of integrative medicine,2000-01-01T00:00:00,10.1016/j.joim.2026.07.010,"['Artificial intelligence (AI) is having a profound impact on the production of medical knowledge, research paradigms, healthcare services and the health industry. Traditional Chinese medicine (TCM), a valuable part of human heritage and an important global health resource, is entering a period of historic innovation through its integration with AI. This convergence offers significant opportunities for the collation of classical literature, the inheritance of clinical experience, diagnosis and treatment, drug discovery, talent cultivation, industrial upgrading and health management. However, AI-enabled TCM is still in its infancy and faces challenges relating to theoretical compatibility, data quality, scientific evaluation, algorithmic transparency, ethical governance, standardization, interdisciplinary training and international coordination. The Hangzhou Declaration on the Global Development of Artificial Intelligence in Traditional Chinese Medicine sets out a shared position and a consensus based on principles for trustworthy innovation in this emerging field. It emphasizes preserving the essence of TCM while pursuing innovation, prioritizing clinical value and patient safety, strengthening ethical governance, improving data standards and scientific evaluation, fostering interdisciplinary collaboration, advancing international standards, bridging the digital divide, and cultivating globally competent talent. The Declaration aims to guide the responsible, open, inclusive and sustainable development of AI-enabled TCM, contributing to the health and well-being of humanity. Please cite this article as: Fan XH, Li Y, Lai XB, Zhang JH, Li HY, Hu KF, Li J, Chen JX, Pan HD, Wen CB, Ye Q, Kan HX, Li XX, Li PF, Hu Y, Chen KX, Zhang BL. Hangzhou declaration on the global development of artificial intelligence in traditional Chinese medicine. J Integr Med. 2026; Epub ahead of print.']",ai-drug-discovery,0,142.01612903225805,38.5,3
42231905,"Protein Design Enters the Artificial Intelligence Era: Foundations, Tools, and Emerging Paradigms.",Yanlin Mi; Arpit Shukla; Mark Tangney; Sabin Tabirca; Venkata Vb Yallapragada,Computational and structural biotechnology journal,2000-01-01T00:00:00,10.34133/csbj.0105,"['Artificial intelligence (AI) has transformed protein engineering by leveraging deep learning, protein language models, and knowledge graphs to decode relationships between sequence, structure, and function. Models like AlphaFold2 achieve near-experimental accuracy in structure prediction, while transformer-based language models facilitate de novo sequence design under functional constraints. AI enhances therapeutic protein engineering, enzyme catalysis, and synthetic biology, accelerating the transition from in silico design to experimental validation. These advances accelerate experimental validation across healthcare and industrial biotechnology. Despite algorithmic successes, challenges remain in model interpretability, training data biases, and experimental validation rates. This review examines the computational methodologies shaping protein design, benchmarking metrics, and the integration of machine learning with experimental pipelines.']",de-novo-protein-design,0,52.61142857142857,40.833333333333336,1
42127490,Decoding bacterial transcriptional regulatory networks through integrated multi-omics datasets for artificial intelligence-driven design of programmable biological systems.,Ina Bang; Jaehyung Kim; Minchang Jang; Joon Young Park; Donghyuk Kim,Current opinion in biotechnology,2000-01-01T00:00:00,10.1016/j.copbio.2026.103505,"['Advances in next-generation sequencing (NGS) have provided refined insight into bacterial transcriptional regulatory networks (TRNs) on a genome-wide scale. The integration of genomic and transcriptomic datasets has clarified the architecture of TRNs, revealing regulatory complexity that requires computational methods for interpretation. The TRNs and their regulatory elements characterized through these analyses serve as a foundation for systems biology. In this review, we discuss the progression from targeted molecular characterization to systems-level approaches. NGS-based characterization at near-single-base-pair resolution has allowed precise interrogation of DNA-binding protein dynamics. Machine learning-based frameworks, such as independent component analysis, have enabled the identification of co-regulated gene modules and the discovery of novel regulatory relationships within transcriptomic datasets. In addition, deep learning models have shown utility in uncovering transcriptional regulatory elements and guiding the de novo design of regulatory sequences. Together, these tools are being integrated into closed-loop biofoundry platforms, accelerating automated workflows in bacterial systems engineering.']",de-novo-protein-design,0,56.396153846153844,38.666666666666664,2
42056544,"The past, present and future of de novo protein design.",Wei Yang; Shunzhi Wang; Gyu Rie Lee; Jason Z Zhang; Alexis Courbet; David Juergens; Xinru Wang; Thomas Schlichthaerle; Mohamad Abedi; Robert Ragotte; Linna An; Indrek Kalvet; Sam Pellock; Ljubica Mihaljevic; Cameron Glasscock; Arvind Pillai; Adam Broerman; Nathan Ennist; Ella Haefner; Nora McNamara-Bordewick; Ian Haydon; Lance Stewart; Gaurav Bhardwaj; David Baker,Nature,2000-01-01T00:00:00,10.1038/s41586-026-10328-7,"['With deep-learning-powered advances in protein design methods, there is an ongoing paradigm shift in protein engineering from random selection to intentional computational design methods. Here we describe the current state of de novo protein design. While there is still room for improvement in success rates and activities, the long-standing challenges of designing new protein structures, assemblies and protein binders are close to being solved. The key current questions in these areas are not how to design, but what to design, and open-source design methodology such as RFdiffusion and ProteinMPNN together with protein structure prediction tools enable biochemists and molecular biologists to broadly explore possible applications. There has also been considerable progress in the de novo design of small-molecule target binders, enzymes and multistate protein systems. Current challenges for methods development include design of catalysts for reactions with high energy barriers and,\xa0more generally, design of switches and nanomachines that integrate binding, conformational change and catalysis. Over the next five to ten years, we anticipate the design of sophisticated protein nanomachines and materials with functionality ranging far beyond that generated during natural evolution for a wide range of applications in medicine, technology and sustainability.']",de-novo-protein-design,0,64.8,38.666666666666664,3
42578753,Drug Discovery's Blind Spot: Why Organoid-Artificial Intelligence Convergence Demands Integrated Governance.,Johnny Sakr,The American journal of bioethics : AJOB,2000-01-01T00:00:00,10.1080/15265161.2026.2710282,"['Organoid-artificial intelligence (AI) platforms are increasingly central to drug discovery, yet they sit between two governance regimes. AI frameworks presume stable, well-characterized inputs, while organoid ethics focuses on donor consent, moral status, and tissue use, leaving downstream computational uses of organoid-derived data underregulated. This article argues that the convergence of living biological variability with algorithmic decision-making creates a governance vacuum in high-stakes preclinical contexts. The organoid-AI case is distinctive because two mature governance traditions, built on incompatible assumptions, intersect at a decision-critical point, and because organoid-derived biological states are transient and often irrecoverable. The article maps the structural causes of this gap, illustrates its practical consequences through three failure scenarios assessing likely probability and impact, and proposes an integrated two-pillar framework: graduated AI validation indexed to organoid functional complexity and tamper-resistant audit trails linking biological and algorithmic metadata. It concludes that proactive governance is morally preferable to delayed, crisis-driven regulation.']",ai-drug-discovery,0,135.36044776119402,42.0,1
42596875,Advancing cancer drug discovery through the integration of machine learning and high-throughput screening.,Kamil Herbetko; Katarzyna Herbetko; Magdalena Mikołajek; Laura Wojdyło; Karolina Klasen; Marek Kulbacki; Julita Kulbacka,Future medicinal chemistry,2000-01-01T00:00:00,10.1080/17568919.2026.2714025,"['Cancer drug discovery is a complex process that requires identifying compounds that selectively target malignant cells. While high-throughput screening (HTS) is essential for testing large libraries, it generates vast datasets that are difficult to interpret. Recently, the integration of artificial intelligence (AI), particularly deep learning (DL), has significantly accelerated drug candidate selection. This review highlights the synergy between AI and HTS, emphasizing DL techniques such as convolutional neural networks for bioactivity prediction, recurrent neural networks for de novo design, and reinforcement learning for property optimization. These methods streamline preclinical research by enabling rapid multi-omics analysis and prediction of drug-target interactions. However, challenges regarding data quality, model interpretability, and ethics persist. Emerging paradigms like Explainable AI and federated learning aim to enhance transparency and collaboration while safeguarding privacy. Ultimately, overcoming these barriers through AI-HTS integration holds transformative potential to reduce development costs and improve clinical outcomes for cancer patients.']",ai-drug-discovery,0,71.24878048780488,38.5,2
42580989,Hangzhou declaration on the global development of artificial intelligence in traditional Chinese medicine.,Xiao-Hui Fan; Yu Li; Xiao-Bo Lai; Jun-Hua Zhang; Hai-Yan Li; Kong-Fa Hu; Jie Li; Jian-Xin Chen; Hu-Dan Pan; Chuan-Biao Wen; Qing Ye; Hong-Xing Kan; Xin-Xue Li; Pan-Fei Li; Yu Hu; Kai-Xian Chen; Bo-Li Zhang,Journal of integrative medicine,2000-01-01T00:00:00,10.1016/j.joim.2026.07.010,"['Artificial intelligence (AI) is having a profound impact on the production of medical knowledge, research paradigms, healthcare services and the health industry. Traditional Chinese medicine (TCM), a valuable part of human heritage and an important global health resource, is entering a period of historic innovation through its integration with AI. This convergence offers significant opportunities for the collation of classical literature, the inheritance of clinical experience, diagnosis and treatment, drug discovery, talent cultivation, industrial upgrading and health management. However, AI-enabled TCM is still in its infancy and faces challenges relating to theoretical compatibility, data quality, scientific evaluation, algorithmic transparency, ethical governance, standardization, interdisciplinary training and international coordination. The Hangzhou Declaration on the Global Development of Artificial Intelligence in Traditional Chinese Medicine sets out a shared position and a consensus based on principles for trustworthy innovation in this emerging field. It emphasizes preserving the essence of TCM while pursuing innovation, prioritizing clinical value and patient safety, strengthening ethical governance, improving data standards and scientific evaluation, fostering interdisciplinary collaboration, advancing international standards, bridging the digital divide, and cultivating globally competent talent. The Declaration aims to guide the responsible, open, inclusive and sustainable development of AI-enabled TCM, contributing to the health and well-being of humanity. Please cite this article as: Fan XH, Li Y, Lai XB, Zhang JH, Li HY, Hu KF, Li J, Chen JX, Pan HD, Wen CB, Ye Q, Kan HX, Li XX, Li PF, Hu Y, Chen KX, Zhang BL. Hangzhou declaration on the global development of artificial intelligence in traditional Chinese medicine. J Integr Med. 2026; Epub ahead of print.']",ai-drug-discovery,0,142.01612903225805,38.5,3
42231905,"Protein Design Enters the Artificial Intelligence Era: Foundations, Tools, and Emerging Paradigms.",Yanlin Mi; Arpit Shukla; Mark Tangney; Sabin Tabirca; Venkata Vb Yallapragada,Computational and structural biotechnology journal,2000-01-01T00:00:00,10.34133/csbj.0105,"['Artificial intelligence (AI) has transformed protein engineering by leveraging deep learning, protein language models, and knowledge graphs to decode relationships between sequence, structure, and function. Models like AlphaFold2 achieve near-experimental accuracy in structure prediction, while transformer-based language models facilitate de novo sequence design under functional constraints. AI enhances therapeutic protein engineering, enzyme catalysis, and synthetic biology, accelerating the transition from in silico design to experimental validation. These advances accelerate experimental validation across healthcare and industrial biotechnology. Despite algorithmic successes, challenges remain in model interpretability, training data biases, and experimental validation rates. This review examines the computational methodologies shaping protein design, benchmarking metrics, and the integration of machine learning with experimental pipelines.']",de-novo-protein-design,0,52.61142857142857,40.833333333333336,1
42127490,Decoding bacterial transcriptional regulatory networks through integrated multi-omics datasets for artificial intelligence-driven design of programmable biological systems.,Ina Bang; Jaehyung Kim; Minchang Jang; Joon Young Park; Donghyuk Kim,Current opinion in biotechnology,2000-01-01T00:00:00,10.1016/j.copbio.2026.103505,"['Advances in next-generation sequencing (NGS) have provided refined insight into bacterial transcriptional regulatory networks (TRNs) on a genome-wide scale. The integration of genomic and transcriptomic datasets has clarified the architecture of TRNs, revealing regulatory complexity that requires computational methods for interpretation. The TRNs and their regulatory elements characterized through these analyses serve as a foundation for systems biology. In this review, we discuss the progression from targeted molecular characterization to systems-level approaches. NGS-based characterization at near-single-base-pair resolution has allowed precise interrogation of DNA-binding protein dynamics. Machine learning-based frameworks, such as independent component analysis, have enabled the identification of co-regulated gene modules and the discovery of novel regulatory relationships within transcriptomic datasets. In addition, deep learning models have shown utility in uncovering transcriptional regulatory elements and guiding the de novo design of regulatory sequences. Together, these tools are being integrated into closed-loop biofoundry platforms, accelerating automated workflows in bacterial systems engineering.']",de-novo-protein-design,0,56.396153846153844,38.666666666666664,2
42056544,"The past, present and future of de novo protein design.",Wei Yang; Shunzhi Wang; Gyu Rie Lee; Jason Z Zhang; Alexis Courbet; David Juergens; Xinru Wang; Thomas Schlichthaerle; Mohamad Abedi; Robert Ragotte; Linna An; Indrek Kalvet; Sam Pellock; Ljubica Mihaljevic; Cameron Glasscock; Arvind Pillai; Adam Broerman; Nathan Ennist; Ella Haefner; Nora McNamara-Bordewick; Ian Haydon; Lance Stewart; Gaurav Bhardwaj; David Baker,Nature,2000-01-01T00:00:00,10.1038/s41586-026-10328-7,"['With deep-learning-powered advances in protein design methods, there is an ongoing paradigm shift in protein engineering from random selection to intentional computational design methods. Here we describe the current state of de novo protein design. While there is still room for improvement in success rates and activities, the long-standing challenges of designing new protein structures, assemblies and protein binders are close to being solved. The key current questions in these areas are not how to design, but what to design, and open-source design methodology such as RFdiffusion and ProteinMPNN together with protein structure prediction tools enable biochemists and molecular biologists to broadly explore possible applications. There has also been considerable progress in the de novo design of small-molecule target binders, enzymes and multistate protein systems. Current challenges for methods development include design of catalysts for reactions with high energy barriers and,\xa0more generally, design of switches and nanomachines that integrate binding, conformational change and catalysis. Over the next five to ten years, we anticipate the design of sophisticated protein nanomachines and materials with functionality ranging far beyond that generated during natural evolution for a wide range of applications in medicine, technology and sustainability.']",de-novo-protein-design,0,64.8,38.666666666666664,3
42578753,Drug Discovery's Blind Spot: Why Organoid-Artificial Intelligence Convergence Demands Integrated Governance.,Johnny Sakr,The American journal of bioethics : AJOB,2000-01-01T00:00:00,10.1080/15265161.2026.2710282,"['Organoid-artificial intelligence (AI) platforms are increasingly central to drug discovery, yet they sit between two governance regimes. AI frameworks presume stable, well-characterized inputs, while organoid ethics focuses on donor consent, moral status, and tissue use, leaving downstream computational uses of organoid-derived data underregulated. This article argues that the convergence of living biological variability with algorithmic decision-making creates a governance vacuum in high-stakes preclinical contexts. The organoid-AI case is distinctive because two mature governance traditions, built on incompatible assumptions, intersect at a decision-critical point, and because organoid-derived biological states are transient and often irrecoverable. The article maps the structural causes of this gap, illustrates its practical consequences through three failure scenarios assessing likely probability and impact, and proposes an integrated two-pillar framework: graduated AI validation indexed to organoid functional complexity and tamper-resistant audit trails linking biological and algorithmic metadata. It concludes that proactive governance is morally preferable to delayed, crisis-driven regulation.']",ai-drug-discovery,0,135.36044776119402,42.0,1
42596875,Advancing cancer drug discovery through the integration of machine learning and high-throughput screening.,Kamil Herbetko; Katarzyna Herbetko; Magdalena Mikołajek; Laura Wojdyło; Karolina Klasen; Marek Kulbacki; Julita Kulbacka,Future medicinal chemistry,2000-01-01T00:00:00,10.1080/17568919.2026.2714025,"['Cancer drug discovery is a complex process that requires identifying compounds that selectively target malignant cells. While high-throughput screening (HTS) is essential for testing large libraries, it generates vast datasets that are difficult to interpret. Recently, the integration of artificial intelligence (AI), particularly deep learning (DL), has significantly accelerated drug candidate selection. This review highlights the synergy between AI and HTS, emphasizing DL techniques such as convolutional neural networks for bioactivity prediction, recurrent neural networks for de novo design, and reinforcement learning for property optimization. These methods streamline preclinical research by enabling rapid multi-omics analysis and prediction of drug-target interactions. However, challenges regarding data quality, model interpretability, and ethics persist. Emerging paradigms like Explainable AI and federated learning aim to enhance transparency and collaboration while safeguarding privacy. Ultimately, overcoming these barriers through AI-HTS integration holds transformative potential to reduce development costs and improve clinical outcomes for cancer patients.']",ai-drug-discovery,0,71.24878048780488,38.5,2
42580989,Hangzhou declaration on the global development of artificial intelligence in traditional Chinese medicine.,Xiao-Hui Fan; Yu Li; Xiao-Bo Lai; Jun-Hua Zhang; Hai-Yan Li; Kong-Fa Hu; Jie Li; Jian-Xin Chen; Hu-Dan Pan; Chuan-Biao Wen; Qing Ye; Hong-Xing Kan; Xin-Xue Li; Pan-Fei Li; Yu Hu; Kai-Xian Chen; Bo-Li Zhang,Journal of integrative medicine,2000-01-01T00:00:00,10.1016/j.joim.2026.07.010,"['Artificial intelligence (AI) is having a profound impact on the production of medical knowledge, research paradigms, healthcare services and the health industry. Traditional Chinese medicine (TCM), a valuable part of human heritage and an important global health resource, is entering a period of historic innovation through its integration with AI. This convergence offers significant opportunities for the collation of classical literature, the inheritance of clinical experience, diagnosis and treatment, drug discovery, talent cultivation, industrial upgrading and health management. However, AI-enabled TCM is still in its infancy and faces challenges relating to theoretical compatibility, data quality, scientific evaluation, algorithmic transparency, ethical governance, standardization, interdisciplinary training and international coordination. The Hangzhou Declaration on the Global Development of Artificial Intelligence in Traditional Chinese Medicine sets out a shared position and a consensus based on principles for trustworthy innovation in this emerging field. It emphasizes preserving the essence of TCM while pursuing innovation, prioritizing clinical value and patient safety, strengthening ethical governance, improving data standards and scientific evaluation, fostering interdisciplinary collaboration, advancing international standards, bridging the digital divide, and cultivating globally competent talent. The Declaration aims to guide the responsible, open, inclusive and sustainable development of AI-enabled TCM, contributing to the health and well-being of humanity. Please cite this article as: Fan XH, Li Y, Lai XB, Zhang JH, Li HY, Hu KF, Li J, Chen JX, Pan HD, Wen CB, Ye Q, Kan HX, Li XX, Li PF, Hu Y, Chen KX, Zhang BL. Hangzhou declaration on the global development of artificial intelligence in traditional Chinese medicine. J Integr Med. 2026; Epub ahead of print.']",ai-drug-discovery,0,142.01612903225805,38.5,3
42231905,"Protein Design Enters the Artificial Intelligence Era: Foundations, Tools, and Emerging Paradigms.",Yanlin Mi; Arpit Shukla; Mark Tangney; Sabin Tabirca; Venkata Vb Yallapragada,Computational and structural biotechnology journal,2000-01-01T00:00:00,10.34133/csbj.0105,"['Artificial intelligence (AI) has transformed protein engineering by leveraging deep learning, protein language models, and knowledge graphs to decode relationships between sequence, structure, and function. Models like AlphaFold2 achieve near-experimental accuracy in structure prediction, while transformer-based language models facilitate de novo sequence design under functional constraints. AI enhances therapeutic protein engineering, enzyme catalysis, and synthetic biology, accelerating the transition from in silico design to experimental validation. These advances accelerate experimental validation across healthcare and industrial biotechnology. Despite algorithmic successes, challenges remain in model interpretability, training data biases, and experimental validation rates. This review examines the computational methodologies shaping protein design, benchmarking metrics, and the integration of machine learning with experimental pipelines.']",de-novo-protein-design,0,52.61142857142857,40.833333333333336,1
42127490,Decoding bacterial transcriptional regulatory networks through integrated multi-omics datasets for artificial intelligence-driven design of programmable biological systems.,Ina Bang; Jaehyung Kim; Minchang Jang; Joon Young Park; Donghyuk Kim,Current opinion in biotechnology,2000-01-01T00:00:00,10.1016/j.copbio.2026.103505,"['Advances in next-generation sequencing (NGS) have provided refined insight into bacterial transcriptional regulatory networks (TRNs) on a genome-wide scale. The integration of genomic and transcriptomic datasets has clarified the architecture of TRNs, revealing regulatory complexity that requires computational methods for interpretation. The TRNs and their regulatory elements characterized through these analyses serve as a foundation for systems biology. In this review, we discuss the progression from targeted molecular characterization to systems-level approaches. NGS-based characterization at near-single-base-pair resolution has allowed precise interrogation of DNA-binding protein dynamics. Machine learning-based frameworks, such as independent component analysis, have enabled the identification of co-regulated gene modules and the discovery of novel regulatory relationships within transcriptomic datasets. In addition, deep learning models have shown utility in uncovering transcriptional regulatory elements and guiding the de novo design of regulatory sequences. Together, these tools are being integrated into closed-loop biofoundry platforms, accelerating automated workflows in bacterial systems engineering.']",de-novo-protein-design,0,56.396153846153844,38.666666666666664,2
42056544,"The past, present and future of de novo protein design.",Wei Yang; Shunzhi Wang; Gyu Rie Lee; Jason Z Zhang; Alexis Courbet; David Juergens; Xinru Wang; Thomas Schlichthaerle; Mohamad Abedi; Robert Ragotte; Linna An; Indrek Kalvet; Sam Pellock; Ljubica Mihaljevic; Cameron Glasscock; Arvind Pillai; Adam Broerman; Nathan Ennist; Ella Haefner; Nora McNamara-Bordewick; Ian Haydon; Lance Stewart; Gaurav Bhardwaj; David Baker,Nature,2000-01-01T00:00:00,10.1038/s41586-026-10328-7,"['With deep-learning-powered advances in protein design methods, there is an ongoing paradigm shift in protein engineering from random selection to intentional computational design methods. Here we describe the current state of de novo protein design. While there is still room for improvement in success rates and activities, the long-standing challenges of designing new protein structures, assemblies and protein binders are close to being solved. The key current questions in these areas are not how to design, but what to design, and open-source design methodology such as RFdiffusion and ProteinMPNN together with protein structure prediction tools enable biochemists and molecular biologists to broadly explore possible applications. There has also been considerable progress in the de novo design of small-molecule target binders, enzymes and multistate protein systems. Current challenges for methods development include design of catalysts for reactions with high energy barriers and,\xa0more generally, design of switches and nanomachines that integrate binding, conformational change and catalysis. Over the next five to ten years, we anticipate the design of sophisticated protein nanomachines and materials with functionality ranging far beyond that generated during natural evolution for a wide range of applications in medicine, technology and sustainability.']",de-novo-protein-design,0,64.8,38.666666666666664,3
42578753,Drug Discovery's Blind Spot: Why Organoid-Artificial Intelligence Convergence Demands Integrated Governance.,Johnny Sakr,The American journal of bioethics : AJOB,2000-01-01T00:00:00,10.1080/15265161.2026.2710282,"['Organoid-artificial intelligence (AI) platforms are increasingly central to drug discovery, yet they sit between two governance regimes. AI frameworks presume stable, well-characterized inputs, while organoid ethics focuses on donor consent, moral status, and tissue use, leaving downstream computational uses of organoid-derived data underregulated. This article argues that the convergence of living biological variability with algorithmic decision-making creates a governance vacuum in high-stakes preclinical contexts. The organoid-AI case is distinctive because two mature governance traditions, built on incompatible assumptions, intersect at a decision-critical point, and because organoid-derived biological states are transient and often irrecoverable. The article maps the structural causes of this gap, illustrates its practical consequences through three failure scenarios assessing likely probability and impact, and proposes an integrated two-pillar framework: graduated AI validation indexed to organoid functional complexity and tamper-resistant audit trails linking biological and algorithmic metadata. It concludes that proactive governance is morally preferable to delayed, crisis-driven regulation.']",ai-drug-discovery,0,135.36044776119402,42.0,1
42596875,Advancing cancer drug discovery through the integration of machine learning and high-throughput screening.,Kamil Herbetko; Katarzyna Herbetko; Magdalena Mikołajek; Laura Wojdyło; Karolina Klasen; Marek Kulbacki; Julita Kulbacka,Future medicinal chemistry,2000-01-01T00:00:00,10.1080/17568919.2026.2714025,"['Cancer drug discovery is a complex process that requires identifying compounds that selectively target malignant cells. While high-throughput screening (HTS) is essential for testing large libraries, it generates vast datasets that are difficult to interpret. Recently, the integration of artificial intelligence (AI), particularly deep learning (DL), has significantly accelerated drug candidate selection. This review highlights the synergy between AI and HTS, emphasizing DL techniques such as convolutional neural networks for bioactivity prediction, recurrent neural networks for de novo design, and reinforcement learning for property optimization. These methods streamline preclinical research by enabling rapid multi-omics analysis and prediction of drug-target interactions. However, challenges regarding data quality, model interpretability, and ethics persist. Emerging paradigms like Explainable AI and federated learning aim to enhance transparency and collaboration while safeguarding privacy. Ultimately, overcoming these barriers through AI-HTS integration holds transformative potential to reduce development costs and improve clinical outcomes for cancer patients.']",ai-drug-discovery,0,71.24878048780488,38.5,2
42580989,Hangzhou declaration on the global development of artificial intelligence in traditional Chinese medicine.,Xiao-Hui Fan; Yu Li; Xiao-Bo Lai; Jun-Hua Zhang; Hai-Yan Li; Kong-Fa Hu; Jie Li; Jian-Xin Chen; Hu-Dan Pan; Chuan-Biao Wen; Qing Ye; Hong-Xing Kan; Xin-Xue Li; Pan-Fei Li; Yu Hu; Kai-Xian Chen; Bo-Li Zhang,Journal of integrative medicine,2000-01-01T00:00:00,10.1016/j.joim.2026.07.010,"['Artificial intelligence (AI) is having a profound impact on the production of medical knowledge, research paradigms, healthcare services and the health industry. Traditional Chinese medicine (TCM), a valuable part of human heritage and an important global health resource, is entering a period of historic innovation through its integration with AI. This convergence offers significant opportunities for the collation of classical literature, the inheritance of clinical experience, diagnosis and treatment, drug discovery, talent cultivation, industrial upgrading and health management. However, AI-enabled TCM is still in its infancy and faces challenges relating to theoretical compatibility, data quality, scientific evaluation, algorithmic transparency, ethical governance, standardization, interdisciplinary training and international coordination. The Hangzhou Declaration on the Global Development of Artificial Intelligence in Traditional Chinese Medicine sets out a shared position and a consensus based on principles for trustworthy innovation in this emerging field. It emphasizes preserving the essence of TCM while pursuing innovation, prioritizing clinical value and patient safety, strengthening ethical governance, improving data standards and scientific evaluation, fostering interdisciplinary collaboration, advancing international standards, bridging the digital divide, and cultivating globally competent talent. The Declaration aims to guide the responsible, open, inclusive and sustainable development of AI-enabled TCM, contributing to the health and well-being of humanity. Please cite this article as: Fan XH, Li Y, Lai XB, Zhang JH, Li HY, Hu KF, Li J, Chen JX, Pan HD, Wen CB, Ye Q, Kan HX, Li XX, Li PF, Hu Y, Chen KX, Zhang BL. Hangzhou declaration on the global development of artificial intelligence in traditional Chinese medicine. J Integr Med. 2026; Epub ahead of print.']",ai-drug-discovery,0,142.01612903225805,38.5,3
42231905,"Protein Design Enters the Artificial Intelligence Era: Foundations, Tools, and Emerging Paradigms.",Yanlin Mi; Arpit Shukla; Mark Tangney; Sabin Tabirca; Venkata Vb Yallapragada,Computational and structural biotechnology journal,2000-01-01T00:00:00,10.34133/csbj.0105,"['Artificial intelligence (AI) has transformed protein engineering by leveraging deep learning, protein language models, and knowledge graphs to decode relationships between sequence, structure, and function. Models like AlphaFold2 achieve near-experimental accuracy in structure prediction, while transformer-based language models facilitate de novo sequence design under functional constraints. AI enhances therapeutic protein engineering, enzyme catalysis, and synthetic biology, accelerating the transition from in silico design to experimental validation. These advances accelerate experimental validation across healthcare and industrial biotechnology. Despite algorithmic successes, challenges remain in model interpretability, training data biases, and experimental validation rates. This review examines the computational methodologies shaping protein design, benchmarking metrics, and the integration of machine learning with experimental pipelines.']",de-novo-protein-design,0,52.61142857142857,40.833333333333336,1
42127490,Decoding bacterial transcriptional regulatory networks through integrated multi-omics datasets for artificial intelligence-driven design of programmable biological systems.,Ina Bang; Jaehyung Kim; Minchang Jang; Joon Young Park; Donghyuk Kim,Current opinion in biotechnology,2000-01-01T00:00:00,10.1016/j.copbio.2026.103505,"['Advances in next-generation sequencing (NGS) have provided refined insight into bacterial transcriptional regulatory networks (TRNs) on a genome-wide scale. The integration of genomic and transcriptomic datasets has clarified the architecture of TRNs, revealing regulatory complexity that requires computational methods for interpretation. The TRNs and their regulatory elements characterized through these analyses serve as a foundation for systems biology. In this review, we discuss the progression from targeted molecular characterization to systems-level approaches. NGS-based characterization at near-single-base-pair resolution has allowed precise interrogation of DNA-binding protein dynamics. Machine learning-based frameworks, such as independent component analysis, have enabled the identification of co-regulated gene modules and the discovery of novel regulatory relationships within transcriptomic datasets. In addition, deep learning models have shown utility in uncovering transcriptional regulatory elements and guiding the de novo design of regulatory sequences. Together, these tools are being integrated into closed-loop biofoundry platforms, accelerating automated workflows in bacterial systems engineering.']",de-novo-protein-design,0,56.396153846153844,38.666666666666664,2
42056544,"The past, present and future of de novo protein design.",Wei Yang; Shunzhi Wang; Gyu Rie Lee; Jason Z Zhang; Alexis Courbet; David Juergens; Xinru Wang; Thomas Schlichthaerle; Mohamad Abedi; Robert Ragotte; Linna An; Indrek Kalvet; Sam Pellock; Ljubica Mihaljevic; Cameron Glasscock; Arvind Pillai; Adam Broerman; Nathan Ennist; Ella Haefner; Nora McNamara-Bordewick; Ian Haydon; Lance Stewart; Gaurav Bhardwaj; David Baker,Nature,2000-01-01T00:00:00,10.1038/s41586-026-10328-7,"['With deep-learning-powered advances in protein design methods, there is an ongoing paradigm shift in protein engineering from random selection to intentional computational design methods. Here we describe the current state of de novo protein design. While there is still room for improvement in success rates and activities, the long-standing challenges of designing new protein structures, assemblies and protein binders are close to being solved. The key current questions in these areas are not how to design, but what to design, and open-source design methodology such as RFdiffusion and ProteinMPNN together with protein structure prediction tools enable biochemists and molecular biologists to broadly explore possible applications. There has also been considerable progress in the de novo design of small-molecule target binders, enzymes and multistate protein systems. Current challenges for methods development include design of catalysts for reactions with high energy barriers and,\xa0more generally, design of switches and nanomachines that integrate binding, conformational change and catalysis. Over the next five to ten years, we anticipate the design of sophisticated protein nanomachines and materials with functionality ranging far beyond that generated during natural evolution for a wide range of applications in medicine, technology and sustainability.']",de-novo-protein-design,0,64.8,38.666666666666664,3
42578753,Drug Discovery's Blind Spot: Why Organoid-Artificial Intelligence Convergence Demands Integrated Governance.,Johnny Sakr,The American journal of bioethics : AJOB,2000-01-01T00:00:00,10.1080/15265161.2026.2710282,"['Organoid-artificial intelligence (AI) platforms are increasingly central to drug discovery, yet they sit between two governance regimes. AI frameworks presume stable, well-characterized inputs, while organoid ethics focuses on donor consent, moral status, and tissue use, leaving downstream computational uses of organoid-derived data underregulated. This article argues that the convergence of living biological variability with algorithmic decision-making creates a governance vacuum in high-stakes preclinical contexts. The organoid-AI case is distinctive because two mature governance traditions, built on incompatible assumptions, intersect at a decision-critical point, and because organoid-derived biological states are transient and often irrecoverable. The article maps the structural causes of this gap, illustrates its practical consequences through three failure scenarios assessing likely probability and impact, and proposes an integrated two-pillar framework: graduated AI validation indexed to organoid functional complexity and tamper-resistant audit trails linking biological and algorithmic metadata. It concludes that proactive governance is morally preferable to delayed, crisis-driven regulation.']",ai-drug-discovery,0,135.36044776119402,42.0,1
42596875,Advancing cancer drug discovery through the integration of machine learning and high-throughput screening.,Kamil Herbetko; Katarzyna Herbetko; Magdalena Mikołajek; Laura Wojdyło; Karolina Klasen; Marek Kulbacki; Julita Kulbacka,Future medicinal chemistry,2000-01-01T00:00:00,10.1080/17568919.2026.2714025,"['Cancer drug discovery is a complex process that requires identifying compounds that selectively target malignant cells. While high-throughput screening (HTS) is essential for testing large libraries, it generates vast datasets that are difficult to interpret. Recently, the integration of artificial intelligence (AI), particularly deep learning (DL), has significantly accelerated drug candidate selection. This review highlights the synergy between AI and HTS, emphasizing DL techniques such as convolutional neural networks for bioactivity prediction, recurrent neural networks for de novo design, and reinforcement learning for property optimization. These methods streamline preclinical research by enabling rapid multi-omics analysis and prediction of drug-target interactions. However, challenges regarding data quality, model interpretability, and ethics persist. Emerging paradigms like Explainable AI and federated learning aim to enhance transparency and collaboration while safeguarding privacy. Ultimately, overcoming these barriers through AI-HTS integration holds transformative potential to reduce development costs and improve clinical outcomes for cancer patients.']",ai-drug-discovery,0,71.24878048780488,38.5,2
42580989,Hangzhou declaration on the global development of artificial intelligence in traditional Chinese medicine.,Xiao-Hui Fan; Yu Li; Xiao-Bo Lai; Jun-Hua Zhang; Hai-Yan Li; Kong-Fa Hu; Jie Li; Jian-Xin Chen; Hu-Dan Pan; Chuan-Biao Wen; Qing Ye; Hong-Xing Kan; Xin-Xue Li; Pan-Fei Li; Yu Hu; Kai-Xian Chen; Bo-Li Zhang,Journal of integrative medicine,2000-01-01T00:00:00,10.1016/j.joim.2026.07.010,"['Artificial intelligence (AI) is having a profound impact on the production of medical knowledge, research paradigms, healthcare services and the health industry. Traditional Chinese medicine (TCM), a valuable part of human heritage and an important global health resource, is entering a period of historic innovation through its integration with AI. This convergence offers significant opportunities for the collation of classical literature, the inheritance of clinical experience, diagnosis and treatment, drug discovery, talent cultivation, industrial upgrading and health management. However, AI-enabled TCM is still in its infancy and faces challenges relating to theoretical compatibility, data quality, scientific evaluation, algorithmic transparency, ethical governance, standardization, interdisciplinary training and international coordination. The Hangzhou Declaration on the Global Development of Artificial Intelligence in Traditional Chinese Medicine sets out a shared position and a consensus based on principles for trustworthy innovation in this emerging field. It emphasizes preserving the essence of TCM while pursuing innovation, prioritizing clinical value and patient safety, strengthening ethical governance, improving data standards and scientific evaluation, fostering interdisciplinary collaboration, advancing international standards, bridging the digital divide, and cultivating globally competent talent. The Declaration aims to guide the responsible, open, inclusive and sustainable development of AI-enabled TCM, contributing to the health and well-being of humanity. Please cite this article as: Fan XH, Li Y, Lai XB, Zhang JH, Li HY, Hu KF, Li J, Chen JX, Pan HD, Wen CB, Ye Q, Kan HX, Li XX, Li PF, Hu Y, Chen KX, Zhang BL. Hangzhou declaration on the global development of artificial intelligence in traditional Chinese medicine. J Integr Med. 2026; Epub ahead of print.']",ai-drug-discovery,0,142.01612903225805,38.5,3
42231905,"Protein Design Enters the Artificial Intelligence Era: Foundations, Tools, and Emerging Paradigms.",Yanlin Mi; Arpit Shukla; Mark Tangney; Sabin Tabirca; Venkata Vb Yallapragada,Computational and structural biotechnology journal,2000-01-01T00:00:00,10.34133/csbj.0105,"['Artificial intelligence (AI) has transformed protein engineering by leveraging deep learning, protein language models, and knowledge graphs to decode relationships between sequence, structure, and function. Models like AlphaFold2 achieve near-experimental accuracy in structure prediction, while transformer-based language models facilitate de novo sequence design under functional constraints. AI enhances therapeutic protein engineering, enzyme catalysis, and synthetic biology, accelerating the transition from in silico design to experimental validation. These advances accelerate experimental validation across healthcare and industrial biotechnology. Despite algorithmic successes, challenges remain in model interpretability, training data biases, and experimental validation rates. This review examines the computational methodologies shaping protein design, benchmarking metrics, and the integration of machine learning with experimental pipelines.']",de-novo-protein-design,0,52.61142857142857,40.833333333333336,1
42127490,Decoding bacterial transcriptional regulatory networks through integrated multi-omics datasets for artificial intelligence-driven design of programmable biological systems.,Ina Bang; Jaehyung Kim; Minchang Jang; Joon Young Park; Donghyuk Kim,Current opinion in biotechnology,2000-01-01T00:00:00,10.1016/j.copbio.2026.103505,"['Advances in next-generation sequencing (NGS) have provided refined insight into bacterial transcriptional regulatory networks (TRNs) on a genome-wide scale. The integration of genomic and transcriptomic datasets has clarified the architecture of TRNs, revealing regulatory complexity that requires computational methods for interpretation. The TRNs and their regulatory elements characterized through these analyses serve as a foundation for systems biology. In this review, we discuss the progression from targeted molecular characterization to systems-level approaches. NGS-based characterization at near-single-base-pair resolution has allowed precise interrogation of DNA-binding protein dynamics. Machine learning-based frameworks, such as independent component analysis, have enabled the identification of co-regulated gene modules and the discovery of novel regulatory relationships within transcriptomic datasets. In addition, deep learning models have shown utility in uncovering transcriptional regulatory elements and guiding the de novo design of regulatory sequences. Together, these tools are being integrated into closed-loop biofoundry platforms, accelerating automated workflows in bacterial systems engineering.']",de-novo-protein-design,0,56.396153846153844,38.666666666666664,2
42056544,"The past, present and future of de novo protein design.",Wei Yang; Shunzhi Wang; Gyu Rie Lee; Jason Z Zhang; Alexis Courbet; David Juergens; Xinru Wang; Thomas Schlichthaerle; Mohamad Abedi; Robert Ragotte; Linna An; Indrek Kalvet; Sam Pellock; Ljubica Mihaljevic; Cameron Glasscock; Arvind Pillai; Adam Broerman; Nathan Ennist; Ella Haefner; Nora McNamara-Bordewick; Ian Haydon; Lance Stewart; Gaurav Bhardwaj; David Baker,Nature,2000-01-01T00:00:00,10.1038/s41586-026-10328-7,"['With deep-learning-powered advances in protein design methods, there is an ongoing paradigm shift in protein engineering from random selection to intentional computational design methods. Here we describe the current state of de novo protein design. While there is still room for improvement in success rates and activities, the long-standing challenges of designing new protein structures, assemblies and protein binders are close to being solved. The key current questions in these areas are not how to design, but what to design, and open-source design methodology such as RFdiffusion and ProteinMPNN together with protein structure prediction tools enable biochemists and molecular biologists to broadly explore possible applications. There has also been considerable progress in the de novo design of small-molecule target binders, enzymes and multistate protein systems. Current challenges for methods development include design of catalysts for reactions with high energy barriers and,\xa0more generally, design of switches and nanomachines that integrate binding, conformational change and catalysis. Over the next five to ten years, we anticipate the design of sophisticated protein nanomachines and materials with functionality ranging far beyond that generated during natural evolution for a wide range of applications in medicine, technology and sustainability.']",de-novo-protein-design,0,64.8,38.666666666666664,3
42578753,Drug Discovery's Blind Spot: Why Organoid-Artificial Intelligence Convergence Demands Integrated Governance.,Johnny Sakr,The American journal of bioethics : AJOB,2000-01-01T00:00:00,10.1080/15265161.2026.2710282,"['Organoid-artificial intelligence (AI) platforms are increasingly central to drug discovery, yet they sit between two governance regimes. AI frameworks presume stable, well-characterized inputs, while organoid ethics focuses on donor consent, moral status, and tissue use, leaving downstream computational uses of organoid-derived data underregulated. This article argues that the convergence of living biological variability with algorithmic decision-making creates a governance vacuum in high-stakes preclinical contexts. The organoid-AI case is distinctive because two mature governance traditions, built on incompatible assumptions, intersect at a decision-critical point, and because organoid-derived biological states are transient and often irrecoverable. The article maps the structural causes of this gap, illustrates its practical consequences through three failure scenarios assessing likely probability and impact, and proposes an integrated two-pillar framework: graduated AI validation indexed to organoid functional complexity and tamper-resistant audit trails linking biological and algorithmic metadata. It concludes that proactive governance is morally preferable to delayed, crisis-driven regulation.']",ai-drug-discovery,0,135.36044776119402,42.0,1
42596875,Advancing cancer drug discovery through the integration of machine learning and high-throughput screening.,Kamil Herbetko; Katarzyna Herbetko; Magdalena Mikołajek; Laura Wojdyło; Karolina Klasen; Marek Kulbacki; Julita Kulbacka,Future medicinal chemistry,2000-01-01T00:00:00,10.1080/17568919.2026.2714025,"['Cancer drug discovery is a complex process that requires identifying compounds that selectively target malignant cells. While high-throughput screening (HTS) is essential for testing large libraries, it generates vast datasets that are difficult to interpret. Recently, the integration of artificial intelligence (AI), particularly deep learning (DL), has significantly accelerated drug candidate selection. This review highlights the synergy between AI and HTS, emphasizing DL techniques such as convolutional neural networks for bioactivity prediction, recurrent neural networks for de novo design, and reinforcement learning for property optimization. These methods streamline preclinical research by enabling rapid multi-omics analysis and prediction of drug-target interactions. However, challenges regarding data quality, model interpretability, and ethics persist. Emerging paradigms like Explainable AI and federated learning aim to enhance transparency and collaboration while safeguarding privacy. Ultimately, overcoming these barriers through AI-HTS integration holds transformative potential to reduce development costs and improve clinical outcomes for cancer patients.']",ai-drug-discovery,0,71.24878048780488,38.5,2
42580989,Hangzhou declaration on the global development of artificial intelligence in traditional Chinese medicine.,Xiao-Hui Fan; Yu Li; Xiao-Bo Lai; Jun-Hua Zhang; Hai-Yan Li; Kong-Fa Hu; Jie Li; Jian-Xin Chen; Hu-Dan Pan; Chuan-Biao Wen; Qing Ye; Hong-Xing Kan; Xin-Xue Li; Pan-Fei Li; Yu Hu; Kai-Xian Chen; Bo-Li Zhang,Journal of integrative medicine,2000-01-01T00:00:00,10.1016/j.joim.2026.07.010,"['Artificial intelligence (AI) is having a profound impact on the production of medical knowledge, research paradigms, healthcare services and the health industry. Traditional Chinese medicine (TCM), a valuable part of human heritage and an important global health resource, is entering a period of historic innovation through its integration with AI. This convergence offers significant opportunities for the collation of classical literature, the inheritance of clinical experience, diagnosis and treatment, drug discovery, talent cultivation, industrial upgrading and health management. However, AI-enabled TCM is still in its infancy and faces challenges relating to theoretical compatibility, data quality, scientific evaluation, algorithmic transparency, ethical governance, standardization, interdisciplinary training and international coordination. The Hangzhou Declaration on the Global Development of Artificial Intelligence in Traditional Chinese Medicine sets out a shared position and a consensus based on principles for trustworthy innovation in this emerging field. It emphasizes preserving the essence of TCM while pursuing innovation, prioritizing clinical value and patient safety, strengthening ethical governance, improving data standards and scientific evaluation, fostering interdisciplinary collaboration, advancing international standards, bridging the digital divide, and cultivating globally competent talent. The Declaration aims to guide the responsible, open, inclusive and sustainable development of AI-enabled TCM, contributing to the health and well-being of humanity. Please cite this article as: Fan XH, Li Y, Lai XB, Zhang JH, Li HY, Hu KF, Li J, Chen JX, Pan HD, Wen CB, Ye Q, Kan HX, Li XX, Li PF, Hu Y, Chen KX, Zhang BL. Hangzhou declaration on the global development of artificial intelligence in traditional Chinese medicine. J Integr Med. 2026; Epub ahead of print.']",ai-drug-discovery,0,142.01612903225805,38.5,3
42231905,"Protein Design Enters the Artificial Intelligence Era: Foundations, Tools, and Emerging Paradigms.",Yanlin Mi; Arpit Shukla; Mark Tangney; Sabin Tabirca; Venkata Vb Yallapragada,Computational and structural biotechnology journal,2000-01-01T00:00:00,10.34133/csbj.0105,"['Artificial intelligence (AI) has transformed protein engineering by leveraging deep learning, protein language models, and knowledge graphs to decode relationships between sequence, structure, and function. Models like AlphaFold2 achieve near-experimental accuracy in structure prediction, while transformer-based language models facilitate de novo sequence design under functional constraints. AI enhances therapeutic protein engineering, enzyme catalysis, and synthetic biology, accelerating the transition from in silico design to experimental validation. These advances accelerate experimental validation across healthcare and industrial biotechnology. Despite algorithmic successes, challenges remain in model interpretability, training data biases, and experimental validation rates. This review examines the computational methodologies shaping protein design, benchmarking metrics, and the integration of machine learning with experimental pipelines.']",de-novo-protein-design,0,52.61142857142857,40.833333333333336,1
42127490,Decoding bacterial transcriptional regulatory networks through integrated multi-omics datasets for artificial intelligence-driven design of programmable biological systems.,Ina Bang; Jaehyung Kim; Minchang Jang; Joon Young Park; Donghyuk Kim,Current opinion in biotechnology,2000-01-01T00:00:00,10.1016/j.copbio.2026.103505,"['Advances in next-generation sequencing (NGS) have provided refined insight into bacterial transcriptional regulatory networks (TRNs) on a genome-wide scale. The integration of genomic and transcriptomic datasets has clarified the architecture of TRNs, revealing regulatory complexity that requires computational methods for interpretation. The TRNs and their regulatory elements characterized through these analyses serve as a foundation for systems biology. In this review, we discuss the progression from targeted molecular characterization to systems-level approaches. NGS-based characterization at near-single-base-pair resolution has allowed precise interrogation of DNA-binding protein dynamics. Machine learning-based frameworks, such as independent component analysis, have enabled the identification of co-regulated gene modules and the discovery of novel regulatory relationships within transcriptomic datasets. In addition, deep learning models have shown utility in uncovering transcriptional regulatory elements and guiding the de novo design of regulatory sequences. Together, these tools are being integrated into closed-loop biofoundry platforms, accelerating automated workflows in bacterial systems engineering.']",de-novo-protein-design,0,56.396153846153844,38.666666666666664,2
42056544,"The past, present and future of de novo protein design.",Wei Yang; Shunzhi Wang; Gyu Rie Lee; Jason Z Zhang; Alexis Courbet; David Juergens; Xinru Wang; Thomas Schlichthaerle; Mohamad Abedi; Robert Ragotte; Linna An; Indrek Kalvet; Sam Pellock; Ljubica Mihaljevic; Cameron Glasscock; Arvind Pillai; Adam Broerman; Nathan Ennist; Ella Haefner; Nora McNamara-Bordewick; Ian Haydon; Lance Stewart; Gaurav Bhardwaj; David Baker,Nature,2000-01-01T00:00:00,10.1038/s41586-026-10328-7,"['With deep-learning-powered advances in protein design methods, there is an ongoing paradigm shift in protein engineering from random selection to intentional computational design methods. Here we describe the current state of de novo protein design. While there is still room for improvement in success rates and activities, the long-standing challenges of designing new protein structures, assemblies and protein binders are close to being solved. The key current questions in these areas are not how to design, but what to design, and open-source design methodology such as RFdiffusion and ProteinMPNN together with protein structure prediction tools enable biochemists and molecular biologists to broadly explore possible applications. There has also been considerable progress in the de novo design of small-molecule target binders, enzymes and multistate protein systems. Current challenges for methods development include design of catalysts for reactions with high energy barriers and,\xa0more generally, design of switches and nanomachines that integrate binding, conformational change and catalysis. Over the next five to ten years, we anticipate the design of sophisticated protein nanomachines and materials with functionality ranging far beyond that generated during natural evolution for a wide range of applications in medicine, technology and sustainability.']",de-novo-protein-design,0,64.8,38.666666666666664,3
42794906,"Big Data and Artificial Intelligence in Cancer Drug Discovery: Promise, Challenges, and Emerging Opportunities.",Fakhar U Singhera; Justin M Overhulse; Terrence M Lee; Jonathan E Katz; Jerry S H Lee; Charles E McKenna,Cancers,2000-01-01T00:00:00,10.3390/cancers18182939,"['Oncologic drug development is lengthy (~14 years) and expensive (~1.2 billion USD) with low clinical trial success rates (4.1%). Big data and artificial intelligence (AI) are widely proposed as tools to address these challenges. In this review, we examine the current performance and future potential of big data and AI applied to preclinical discovery and development, clinical trials, and the regulatory approval process. We first examine the data foundation required for effective AI, including data harmonization, data commons, and analytical tools. We then assess preclinical applications spanning target identification, compound-library curation, virtual ligand screening, generative chemical design, and high-throughput and high-content screening. In clinical development, we consider the use of big data and AI for outcome prediction, trial design, external and synthetic control arms, adaptive monitoring, and in silico trials. Finally, we discuss how post-approval electronic health records can generate real-world data and real-world evidence to support drug repurposing and improve future oncology drug discovery. Big data is conventionally characterized by a series of ""Vs."" In this review, we have used seven ""Vs"" spanning descriptive and constraining properties of big data and a singular outcome. We have proposed an eighth, Vernacular, a constraint defined as the combined alignment of data semantics and terminology, data representation, data exchange, and data governance across heterogeneous, independently generated datasets to promote interoperability and combined analysis. Although cancer data exhibit substantial Volume, Velocity, and Variety, they remain distributed across fragmented repositories that often cannot be readily integrated. We conclude with a discussion of tabulated resources currently available for the application of big data and AI to oncologic therapeutics.']",ai-drug-discovery,0,136.41923076923078,42.0,1
42794577,Retrieval-Guided Transfer Learning for Low-Resource Ebola Drug-Target Affinity Prediction.,Mubarakah Alotaibi; Nada Al Taweraqi,International journal of molecular sciences,2000-01-01T00:00:00,10.3390/ijms27188147,"['Drug-target affinity (DTA) prediction plays an important role in computational drug discovery; however, its application to emerging infectious diseases such as Ebola remains challenging because of the limited availability of experimentally measured affinity data. To address this low-resource setting, we propose a retrieval-guided transfer-learning framework that leverages BindingDB interactions to improve Ebola DTA prediction. The framework uses a two-stage strategy. In Stage I, source interactions are selected using random sampling, compound-similarity retrieval, protein-similarity retrieval, or hybrid compound-protein retrieval at source-data budgets of 50,000 and 300,000 interactions and combined with Ebola training data to learn transferable representations. In Stage II, the pretrained compound and protein encoders are frozen, while the prediction layers are adapted to the Ebola domain. The framework was implemented with DeepDTA and GraphDTA and evaluated across five random seeds using a scaffold-based split, with conventional machine-learning models and single-stage deep learning as baselines. The best overall configuration, GraphDTA with protein-similarity-guided retrieval at the 50,000-interaction budget, achieved RMSE =0.5498±0.1073, R2=0.8809±0.0452, and Pearson =0.9395±0.0237, outperforming the strongest conventional machine-learning model (Extra Trees, RMSE =0.6065±0.0642) and single-stage GraphDTA (RMSE =0.6533±0.0752). Across both source-data budgets and both DTA backbones, all targeted retrieval configurations achieved lower mean RMSE than their corresponding random-retrieval configurations. At the 50,000-interaction budget, matched seed-wise analysis further showed consistent improvements for protein-guided retrieval across all five seeds for both backbones. Retrieval characterization showed stronger target-domain similarity and substantially lower cross-strategy overlap at 50,000 than at 300,000 interactions, while post hoc sequence analysis independently confirmed enrichment of sequence-level relatedness with protein-guided retrieval. Increasing the source-data budget from 50,000 to 300,000 did not uniformly improve predictive performance, indicating that source-data relevance and retrieval selectivity should be considered jointly with source-data quantity. Finally, virtual-screening and approved-drug repurposing case studies across six Ebola virus targets demonstrate the use of the framework for computational prioritization of compound-target hypotheses. Overall, the findings support relevance-guided source-data selection as an effective strategy for transfer learning in low-resource DTA prediction.']",ai-drug-discovery,0,140.40405405405406,35.25,2
42782436,"Towards precision antileishmanial drug discovery: Integrating multi-omics, functional genomics, artificial intelligence and host-directed therapeutics.",Derya Topuz Ata; Anıl Ata; Zeynep Tuba Odaci,Molecular biology reports,2000-01-01T00:00:00,10.1007/s11033-026-12801-y,"['Leishmaniasis remains one of the most neglected tropical diseases, affecting millions of people worldwide and posing a substantial public health burden in endemic regions. Current treatment options are limited by toxicity, high costs, prolonged treatment regimens, treatment failure, and the increasing emergence of drug-resistant parasites. Moreover, the remarkable genomic plasticity and adaptive capacity of Leishmania species, driven by mosaic aneuploidy and copy number variation, complicate durable target identification and underscore the need for precision-oriented therapeutic approaches. Recent developments in multi-omics strategies, CRISPR-based genome engineering, artificial intelligence, and host-directed therapeutics are transforming precision antileishmanial drug discovery. In this review, we explore how multi-omics technologies uncover pathways involved in parasite survival, virulence, and drug resistance. We examine the contributions of CRISPR-based technologies to functional genomic screening, target validation, and investigation of resistance mechanisms. Complementing these approaches, AI-assisted predictive modelling supports target prioritisation, virtual screening, and structure-guided drug discovery. We also discuss host-directed immunotherapy as a complementary strategy to parasite-directed therapies. Particular focus is placed on high-priority therapeutic pathways regulating redox homeostasis, sterol biosynthesis, MAP kinase signalling, mitochondrial electron transport, and arginine metabolism. Taken together, these strategies offer an integrated framework connecting target discovery, functional validation, computational prioritisation, and host immune modulation, while supporting a precision-oriented approach for the development of safer, more efficient, and resistance-resilient antileishmanial therapies.']",ai-drug-discovery,0,8.0,28.76491876228333,3
42642514,Predictive design of tissue-specific mammalian enhancers that function in the mouse embryo.,Shenzhi Chen; Vincent Loubiere; Ethan W Hollingsworth; Ken Murakami; Nikolaus Mandlburger; Sandra H Jacinto; Atrin Dizehchi; Jacob Schreiber; Evgeny Z Kvon; Alexander Stark,Nature genetics,2000-01-01T00:00:00,10.1038/s41588-026-02729-1,"['Enhancers control tissue-specific gene expression across animals<sup>1</sup>. Although deep learning<sup>2,3</sup> has enabled enhancer prediction and design in mammalian cell lines and non-mammalian model organisms<sup>4-10</sup> (reviewed in a previous publication<sup>11</sup>), it remains unclear whether such approaches can operate within the regulatory complexity of mammalian genomes and tissues in vivo. Here we present a general strategy for designing tissue-specific enhancers that function reliably in mice. We use deep learning to train compact convolutional neural networks on curated chromatin accessibility data and fine-tune them by transfer learning on validated human and mouse enhancers. Guided by these models, we design 15 synthetic enhancers for the heart, limb and central nervous system in mouse embryos, all of which are active in their intended target tissue. These results demonstrate that mammalian enhancer function can be reliably inferred from DNA sequence alone, enabling the predictive de novo design of tissue-specific synthetic enhancers from modest training sets. This work establishes a generalizable framework for programmable control of mammalian gene expression in vivo, opening new avenues in functional genomics, synthetic biology and gene therapy.']",de-novo-protein-design,0,41.3,34.4062211151664,1
42607668,Fifteen challenges for generative AI applications to cell biology.,Leo Dupire; Aly A Khan; Theofanis Karaletsos; Shana Kelley; Emma Lundberg; Jian Ma; Evan Paull; Stephen R Quake; Raul Rabadan; Cassius Rowan; Peter Sims; Sohail Tavazoie; John S Tsang; Mingxuan Zhang; Andrea Califano,Cell,2000-01-01T00:00:00,10.1016/j.cell.2026.07.004,"[""Generative AI (Gen-AI) has shown a remarkable impact in several biological research areas, from protein folding and de novo design to pathogenic mutation prediction. However, it remains unclear whether these molecular-level successes can translate to cellular and multicellular insights relevant to fields ranging from immunology to cancer and neurodegeneration. This arises from the intricate nature of the molecular mechanisms that determine cellular and organismal behavior, the lack of sufficient training data, and the multicellular nature of most pathophysiologic phenotypes. Novel Gen-AI frameworks are likely needed to integrate prior biological knowledge, such as molecular interaction networks, as well as guiding principles focusing the community's attention on solving biologically and translationally relevant problems. Drawing inspiration from Hilbert's list of 23 mathematical problems that have focused the mathematical community's attention for more than a century, we propose fifteen grand AI challenges to focus the biomedical community's attention on critically relevant questions, most of which still lack effective predictive methodologies.""]",de-novo-protein-design,0,64.5,34.0,2
42720792,"Rett syndrome: MECP2 biology, multisystem pathophysiology, and the evolving therapeutic landscape.",S T Gopukumar; Madhumita Saha; Sahil Bhardwaj; Kesavaperumal Gopalakrishnan; Eid Semer Alatwi; Rasha Alonaizan; Huda A Alqahtani; Tanveen Kaur Soni; Samer Shamshad; Uddalak Das,European journal of pediatrics,2000-01-01T00:00:00,10.1007/s00431-026-07377-5,"[StringElement('Rett syndrome (RTT) is an X-linked neurodevelopmental disorder arising predominantly from de novo loss-of-function mutations in MECP2, affecting approximately 1 in 10,000 live female births. MECP2 is a dosage-sensitive epigenetic regulator acting through its methyl-CpG-binding (MBD) and transcriptional-repression (TRD) domains; isoform-specific expression and X-chromosome-inactivation mosaicism drive the wide phenotypic variability, with mutation type broadly correlating with severity. Although historically viewed as neuron-centric, RTT is a multisystem disorder: beyond psychomotor regression, stereotypic hand movements, gait apraxia, and loss of spoken language, MECP2 deficiency contributes to brainstem-mediated breathing dysrhythmia, QTc prolongation, enteric dysmotility, low bone density, and mitochondrial/metabolic deficits, amplified by glial-neuronal crosstalk. Preclinical models, MECP2 rodents, patient iPSC-derived neurons, and cerebral organoids, reveal synaptic and dendritic deficits that improve substantially when MECP2 is reactivated in these systems, indicating that MECP2-deficient neurons remain viable rather than degenerating; whether comparable improvement can be achieved in affected individuals is not yet established. The therapeutic landscape now spans multidisciplinary supportive care, the first approved pharmacotherapy trofinetide, AAV-mediated MECP2 gene replacement (now in pivotal trials, with an important gene-therapy safety signal), antisense oligonucleotides for dosage normalisation, and emerging metabolic agents; validated biomarkers and objective outcome measures remain a major unmet need.', attributes={'Label': 'UNLABELLED'}), StringElement('RTT is a multisystem monogenic disorder whose management is shifting from symptom control toward disease modification. Phenotypic rescue after MECP2 restoration in rodent models provides the rationale for this shift but does not establish that RTT is reversible in patients; progress now depends on validated biomarkers, dose-controlled disease-modifying therapies, long-term outcome data, and equitable global access.', attributes={'Label': 'CONCLUSION', 'NlmCategory': 'CONCLUSIONS'}), StringElement('• More than 90-95% of classic Rett syndrome is caused by de novo loss-of-function mutations in MECP2, a dosage-sensitive epigenetic reader whose isoform distribution, residual function and X-chromosome-inactivation mosaicism together account for much of the phenotypic variability. • Reactivating MECP2 in symptomatic adult rodents substantially improves many disease features, establishing that MECP2-deficient neurons are functionally impaired rather than lost and providing the rationale for disease-modifying therapy.', attributes={'Label': 'WHAT IS KNOWN', 'NlmCategory': 'BACKGROUND'}), StringElement('•\xa0This review integrates isoform-specific and non-neuronal (glial, respiratory, cardiac, gastrointestinal, skeletal and metabolic) mechanisms with a literature base updated to 15 August 2026, and identifies the continuing absence of any validated biomarker or surrogate endpoint, rather than target identification, as the principal obstacle to efficient trials. •\xa0It critically appraises the post-trofinetide landscape - divergent FDA and EMA assessments of the same trial data, a fatal high-dose AAV hyperinflammatory event, and single-arm registrational gene-therapy programmes reported largely outside peer review - and concludes that the demonstrated outcome to date is gain or re-acquisition of developmental milestones, not reversal of established disease.', attributes={'Label': 'WHAT IS NEW', 'NlmCategory': 'BACKGROUND'})]",de-novo-protein-design,0,145.78770491803277,32.5,3
42794498,Next-Generation GLP-1 Agonist Bioassays: Integrating Precision with Biological Relevance.,Christine Graf; Julia Reuter; Sabrina Rüggeberg; Sebastian Mohr; Julia Petri; Sylvie Gelinas; Birgit Niederhaus; Ulrich Werner; Nina Strebe; Zeina El Zein; Dirk Usener,International journal of molecular sciences,2000-01-01T00:00:00,10.3390/ijms27188068,"[""Glucagon-Like Peptide-1 (GLP-1) is an incretin family peptide hormone with significant therapeutic applications. This study evaluated multiple functional methodologies for assessing GLP-1 agonist biological activity, encompassing in vitro cell-based bioassays and in vivo systems. We developed and comparatively analyzed cell-based bioassays measuring distinct cellular signaling events, such as β-arrestin recruitment, cyclic adenosine monophosphate (cAMP) elevation, and calcium (Ca<sup>2+</sup>) mobilization. Each assay was systematically evaluated for robustness and quality control applicability. All assay systems demonstrated functionality independent of the cellular mechanism employed. Real-time Ca<sup>2+</sup> flux measurements confirmed the cell-based assay endpoint data, while cross-verification analyses using the oral glucose tolerance test in mice confirmed the representativeness of the cAMP formats. Initial validation studies revealed inter-assay variations, leading to the selection of the cAMP HTRF assay as the preferred quality control methodology. Further assay refinement and subsequent validation studies confirmed the cAMP HTRF assay's suitability for quality control applications. This methodology has been successfully implemented in routine release testing of a commercially available GLP-1 agonist.""]",cyclic-peptide,0,140.40405405405406,35.0,1
42788235,Gramicidin S analogues as a pathway to overcome antimicrobial resistance.,Tatiana S Shkuratova; Daria V Andreeva; Alexander S Tikhomirov; Andrey E Shchekotikhin,Future medicinal chemistry,2000-01-01T00:00:00,10.1080/17568919.2026.2736285,"[""The growing occurrence of antimicrobial resistance represents a major challenge to global healthcare and necessitates the development of novel therapeutic agents capable of overcoming multidrug-resistant (MDR) pathogens. Gramicidin S (GS), a cyclic decapeptide antibiotic has attracted renewed interest as a promising template for next-generation antimicrobial therapeutics. Its primary mechanism of action involves disruption of bacterial membranes, resulting in rapid bactericidal activity and a low propensity for resistance development. This review summarizes current knowledge on the activity of GS and its analogues against clinically relevant MDR bacteria. Despite antibiotic's long history of clinical use, resistance to GS remains limited. However, its broader therapeutic application is constrained by cytotoxicity, which has driven extensive efforts toward structural optimization. We discuss recent advances in the design of GS analogues, highlighting key structure-activity relationships involving cationic charge, hydrophobicity, amphipathicity and conformational flexibility. Strategies such as β-turn modification, incorporation of non-proteinogenic amino acids and machine learning-guided design have yielded derivatives with improved selectivity and reduced toxicity. These findings underscore the potential of GS as a versatile platform for developing novel peptide antibiotics to combat antimicrobial resistance.""]",cyclic-peptide,0,71.24878048780488,35.0,2
42784449,Correlation of Serological Status with Disease Activity Score 28-Erythrocyte Sedimentation Rate Score in Elderly Patients with Rheumatoid Arthritis: A Cross-sectional Study.,Shubhangi Kanitkar; M Sai Rohith Reddy; Nimmagadda Panindra; Kanamatareddy Sai Abhinav Reddy; Harnoor Kaur Sekhon,Annals of African medicine,2000-01-01T00:00:00,10.4103/aam.aam_679_26,"[StringElement('Rheumatoid arthritis (RA) in the elderly is a clinically distinct entity with unique presenting features, serological profiles, and high disease burden. Elderly-onset RA (EORA), defined as RA with onset at or after 65 years, remains understudied in the Indian population despite its growing prevalence.', attributes={'Label': 'BACKGROUND', 'NlmCategory': 'BACKGROUND'}), StringElement('To characterize the clinical profile of elderly RA patients and to evaluate the correlation between serological status and disease activity as measured by disease activity score 28-erythrocyte sedimentation rate (DAS28-ESR).', attributes={'Label': 'OBJECTIVE', 'NlmCategory': 'OBJECTIVE'}), StringElement('A cross-sectional observational study was conducted at a tertiary care centre enrolling 120 elderly patients (aged ≥60 years) diagnosed with RA by ACR/EULAR 2010 criteria. Clinical, laboratory, serological, and disease activity parameters were systematically recorded.', attributes={'Label': 'METHODOLOGY', 'NlmCategory': 'METHODS'}), StringElement('The mean age was 67.53 ± 6.047 years; 66.7% were female. Classical RA was the most common clinical form (70%), followed by polymyalgia rheumatica-like (25%) and remitting seronegative symmetrical synovitis with pitting edema (RS3PE)-like (5%), with a significant association between the RS3PE-like form and advancing age (P = 0.005). Acute onset was observed in 70%. The shoulder was the most commonly involved joint (43.3%). Proximal interphalangeal joint involvement was significantly higher in YORA (37.9% vs. 14.8%; P = 0.007), whereas ankle joint involvement was significantly higher in EORA (27.8% vs. 7.6%; P = 0.006). Asymmetric joint involvement was significantly more common in EORA (66.7% vs. 42.4%; P = 0.010). RF positivity was 71.7%, anti-cyclic citrullinated peptide (CCP) 69.2%, and overall seropositivity 78.3%. Anti-CCP positivity was significantly associated with high disease activity (P = 0.020), and overall seropositivity was significantly associated with disease activity category (P = 0.033). Mean ESR was 56.41 ± 20.369 mm/h, C-reactive protein was 38.97 ± 19.467 mg/L, and hemoglobin was 11.86 ± 1.246 g/dL. The mean DAS28-ESR was 5.28 ± 0.857; 63.3% had high, and 34.2% had moderate disease activity. Hypertension (30%) and diabetes mellitus (18.3%) were the most prevalent comorbidities. Only 34.2% were on disease-modifying antirheumatic drugs (DMARDs) at enrollment.', attributes={'Label': 'RESULTS', 'NlmCategory': 'RESULTS'}), StringElement('RA in the Indian elderly population is characterized by acute onset, large joint involvement, high serological positivity, elevated inflammatory markers, and predominantly high disease activity. Anti-CCP positivity is a significant predictor of high disease activity. The high comorbidity burden and suboptimal DMARD utilization underscore the need for early diagnosis and comprehensive multidisciplinary management.', attributes={'Label': 'CONCLUSION', 'NlmCategory': 'CONCLUSIONS'})]",cyclic-peptide,0,140.57105263157894,35.0,3
42794906,"Big Data and Artificial Intelligence in Cancer Drug Discovery: Promise, Challenges, and Emerging Opportunities.",Fakhar U Singhera; Justin M Overhulse; Terrence M Lee; Jonathan E Katz; Jerry S H Lee; Charles E McKenna,Cancers,2000-01-01T00:00:00,10.3390/cancers18182939,"['Oncologic drug development is lengthy (~14 years) and expensive (~1.2 billion USD) with low clinical trial success rates (4.1%). Big data and artificial intelligence (AI) are widely proposed as tools to address these challenges. In this review, we examine the current performance and future potential of big data and AI applied to preclinical discovery and development, clinical trials, and the regulatory approval process. We first examine the data foundation required for effective AI, including data harmonization, data commons, and analytical tools. We then assess preclinical applications spanning target identification, compound-library curation, virtual ligand screening, generative chemical design, and high-throughput and high-content screening. In clinical development, we consider the use of big data and AI for outcome prediction, trial design, external and synthetic control arms, adaptive monitoring, and in silico trials. Finally, we discuss how post-approval electronic health records can generate real-world data and real-world evidence to support drug repurposing and improve future oncology drug discovery. Big data is conventionally characterized by a series of ""Vs."" In this review, we have used seven ""Vs"" spanning descriptive and constraining properties of big data and a singular outcome. We have proposed an eighth, Vernacular, a constraint defined as the combined alignment of data semantics and terminology, data representation, data exchange, and data governance across heterogeneous, independently generated datasets to promote interoperability and combined analysis. Although cancer data exhibit substantial Volume, Velocity, and Variety, they remain distributed across fragmented repositories that often cannot be readily integrated. We conclude with a discussion of tabulated resources currently available for the application of big data and AI to oncologic therapeutics.']",ai-drug-discovery,0,136.41923076923078,42.0,1
42794577,Retrieval-Guided Transfer Learning for Low-Resource Ebola Drug-Target Affinity Prediction.,Mubarakah Alotaibi; Nada Al Taweraqi,International journal of molecular sciences,2000-01-01T00:00:00,10.3390/ijms27188147,"['Drug-target affinity (DTA) prediction plays an important role in computational drug discovery; however, its application to emerging infectious diseases such as Ebola remains challenging because of the limited availability of experimentally measured affinity data. To address this low-resource setting, we propose a retrieval-guided transfer-learning framework that leverages BindingDB interactions to improve Ebola DTA prediction. The framework uses a two-stage strategy. In Stage I, source interactions are selected using random sampling, compound-similarity retrieval, protein-similarity retrieval, or hybrid compound-protein retrieval at source-data budgets of 50,000 and 300,000 interactions and combined with Ebola training data to learn transferable representations. In Stage II, the pretrained compound and protein encoders are frozen, while the prediction layers are adapted to the Ebola domain. The framework was implemented with DeepDTA and GraphDTA and evaluated across five random seeds using a scaffold-based split, with conventional machine-learning models and single-stage deep learning as baselines. The best overall configuration, GraphDTA with protein-similarity-guided retrieval at the 50,000-interaction budget, achieved RMSE =0.5498±0.1073, R2=0.8809±0.0452, and Pearson =0.9395±0.0237, outperforming the strongest conventional machine-learning model (Extra Trees, RMSE =0.6065±0.0642) and single-stage GraphDTA (RMSE =0.6533±0.0752). Across both source-data budgets and both DTA backbones, all targeted retrieval configurations achieved lower mean RMSE than their corresponding random-retrieval configurations. At the 50,000-interaction budget, matched seed-wise analysis further showed consistent improvements for protein-guided retrieval across all five seeds for both backbones. Retrieval characterization showed stronger target-domain similarity and substantially lower cross-strategy overlap at 50,000 than at 300,000 interactions, while post hoc sequence analysis independently confirmed enrichment of sequence-level relatedness with protein-guided retrieval. Increasing the source-data budget from 50,000 to 300,000 did not uniformly improve predictive performance, indicating that source-data relevance and retrieval selectivity should be considered jointly with source-data quantity. Finally, virtual-screening and approved-drug repurposing case studies across six Ebola virus targets demonstrate the use of the framework for computational prioritization of compound-target hypotheses. Overall, the findings support relevance-guided source-data selection as an effective strategy for transfer learning in low-resource DTA prediction.']",ai-drug-discovery,0,140.40405405405406,35.25,2
42782436,"Towards precision antileishmanial drug discovery: Integrating multi-omics, functional genomics, artificial intelligence and host-directed therapeutics.",Derya Topuz Ata; Anıl Ata; Zeynep Tuba Odaci,Molecular biology reports,2000-01-01T00:00:00,10.1007/s11033-026-12801-y,"['Leishmaniasis remains one of the most neglected tropical diseases, affecting millions of people worldwide and posing a substantial public health burden in endemic regions. Current treatment options are limited by toxicity, high costs, prolonged treatment regimens, treatment failure, and the increasing emergence of drug-resistant parasites. Moreover, the remarkable genomic plasticity and adaptive capacity of Leishmania species, driven by mosaic aneuploidy and copy number variation, complicate durable target identification and underscore the need for precision-oriented therapeutic approaches. Recent developments in multi-omics strategies, CRISPR-based genome engineering, artificial intelligence, and host-directed therapeutics are transforming precision antileishmanial drug discovery. In this review, we explore how multi-omics technologies uncover pathways involved in parasite survival, virulence, and drug resistance. We examine the contributions of CRISPR-based technologies to functional genomic screening, target validation, and investigation of resistance mechanisms. Complementing these approaches, AI-assisted predictive modelling supports target prioritisation, virtual screening, and structure-guided drug discovery. We also discuss host-directed immunotherapy as a complementary strategy to parasite-directed therapies. Particular focus is placed on high-priority therapeutic pathways regulating redox homeostasis, sterol biosynthesis, MAP kinase signalling, mitochondrial electron transport, and arginine metabolism. Taken together, these strategies offer an integrated framework connecting target discovery, functional validation, computational prioritisation, and host immune modulation, while supporting a precision-oriented approach for the development of safer, more efficient, and resistance-resilient antileishmanial therapies.']",ai-drug-discovery,0,8.0,28.76491876228333,3
42642514,Predictive design of tissue-specific mammalian enhancers that function in the mouse embryo.,Shenzhi Chen; Vincent Loubiere; Ethan W Hollingsworth; Ken Murakami; Nikolaus Mandlburger; Sandra H Jacinto; Atrin Dizehchi; Jacob Schreiber; Evgeny Z Kvon; Alexander Stark,Nature genetics,2000-01-01T00:00:00,10.1038/s41588-026-02729-1,"['Enhancers control tissue-specific gene expression across animals<sup>1</sup>. Although deep learning<sup>2,3</sup> has enabled enhancer prediction and design in mammalian cell lines and non-mammalian model organisms<sup>4-10</sup> (reviewed in a previous publication<sup>11</sup>), it remains unclear whether such approaches can operate within the regulatory complexity of mammalian genomes and tissues in vivo. Here we present a general strategy for designing tissue-specific enhancers that function reliably in mice. We use deep learning to train compact convolutional neural networks on curated chromatin accessibility data and fine-tune them by transfer learning on validated human and mouse enhancers. Guided by these models, we design 15 synthetic enhancers for the heart, limb and central nervous system in mouse embryos, all of which are active in their intended target tissue. These results demonstrate that mammalian enhancer function can be reliably inferred from DNA sequence alone, enabling the predictive de novo design of tissue-specific synthetic enhancers from modest training sets. This work establishes a generalizable framework for programmable control of mammalian gene expression in vivo, opening new avenues in functional genomics, synthetic biology and gene therapy.']",de-novo-protein-design,0,41.3,34.4062211151664,1
42607668,Fifteen challenges for generative AI applications to cell biology.,Leo Dupire; Aly A Khan; Theofanis Karaletsos; Shana Kelley; Emma Lundberg; Jian Ma; Evan Paull; Stephen R Quake; Raul Rabadan; Cassius Rowan; Peter Sims; Sohail Tavazoie; John S Tsang; Mingxuan Zhang; Andrea Califano,Cell,2000-01-01T00:00:00,10.1016/j.cell.2026.07.004,"[""Generative AI (Gen-AI) has shown a remarkable impact in several biological research areas, from protein folding and de novo design to pathogenic mutation prediction. However, it remains unclear whether these molecular-level successes can translate to cellular and multicellular insights relevant to fields ranging from immunology to cancer and neurodegeneration. This arises from the intricate nature of the molecular mechanisms that determine cellular and organismal behavior, the lack of sufficient training data, and the multicellular nature of most pathophysiologic phenotypes. Novel Gen-AI frameworks are likely needed to integrate prior biological knowledge, such as molecular interaction networks, as well as guiding principles focusing the community's attention on solving biologically and translationally relevant problems. Drawing inspiration from Hilbert's list of 23 mathematical problems that have focused the mathematical community's attention for more than a century, we propose fifteen grand AI challenges to focus the biomedical community's attention on critically relevant questions, most of which still lack effective predictive methodologies.""]",de-novo-protein-design,0,64.5,34.0,2
42720792,"Rett syndrome: MECP2 biology, multisystem pathophysiology, and the evolving therapeutic landscape.",S T Gopukumar; Madhumita Saha; Sahil Bhardwaj; Kesavaperumal Gopalakrishnan; Eid Semer Alatwi; Rasha Alonaizan; Huda A Alqahtani; Tanveen Kaur Soni; Samer Shamshad; Uddalak Das,European journal of pediatrics,2000-01-01T00:00:00,10.1007/s00431-026-07377-5,"[StringElement('Rett syndrome (RTT) is an X-linked neurodevelopmental disorder arising predominantly from de novo loss-of-function mutations in MECP2, affecting approximately 1 in 10,000 live female births. MECP2 is a dosage-sensitive epigenetic regulator acting through its methyl-CpG-binding (MBD) and transcriptional-repression (TRD) domains; isoform-specific expression and X-chromosome-inactivation mosaicism drive the wide phenotypic variability, with mutation type broadly correlating with severity. Although historically viewed as neuron-centric, RTT is a multisystem disorder: beyond psychomotor regression, stereotypic hand movements, gait apraxia, and loss of spoken language, MECP2 deficiency contributes to brainstem-mediated breathing dysrhythmia, QTc prolongation, enteric dysmotility, low bone density, and mitochondrial/metabolic deficits, amplified by glial-neuronal crosstalk. Preclinical models, MECP2 rodents, patient iPSC-derived neurons, and cerebral organoids, reveal synaptic and dendritic deficits that improve substantially when MECP2 is reactivated in these systems, indicating that MECP2-deficient neurons remain viable rather than degenerating; whether comparable improvement can be achieved in affected individuals is not yet established. The therapeutic landscape now spans multidisciplinary supportive care, the first approved pharmacotherapy trofinetide, AAV-mediated MECP2 gene replacement (now in pivotal trials, with an important gene-therapy safety signal), antisense oligonucleotides for dosage normalisation, and emerging metabolic agents; validated biomarkers and objective outcome measures remain a major unmet need.', attributes={'Label': 'UNLABELLED'}), StringElement('RTT is a multisystem monogenic disorder whose management is shifting from symptom control toward disease modification. Phenotypic rescue after MECP2 restoration in rodent models provides the rationale for this shift but does not establish that RTT is reversible in patients; progress now depends on validated biomarkers, dose-controlled disease-modifying therapies, long-term outcome data, and equitable global access.', attributes={'Label': 'CONCLUSION', 'NlmCategory': 'CONCLUSIONS'}), StringElement('• More than 90-95% of classic Rett syndrome is caused by de novo loss-of-function mutations in MECP2, a dosage-sensitive epigenetic reader whose isoform distribution, residual function and X-chromosome-inactivation mosaicism together account for much of the phenotypic variability. • Reactivating MECP2 in symptomatic adult rodents substantially improves many disease features, establishing that MECP2-deficient neurons are functionally impaired rather than lost and providing the rationale for disease-modifying therapy.', attributes={'Label': 'WHAT IS KNOWN', 'NlmCategory': 'BACKGROUND'}), StringElement('•\xa0This review integrates isoform-specific and non-neuronal (glial, respiratory, cardiac, gastrointestinal, skeletal and metabolic) mechanisms with a literature base updated to 15 August 2026, and identifies the continuing absence of any validated biomarker or surrogate endpoint, rather than target identification, as the principal obstacle to efficient trials. •\xa0It critically appraises the post-trofinetide landscape - divergent FDA and EMA assessments of the same trial data, a fatal high-dose AAV hyperinflammatory event, and single-arm registrational gene-therapy programmes reported largely outside peer review - and concludes that the demonstrated outcome to date is gain or re-acquisition of developmental milestones, not reversal of established disease.', attributes={'Label': 'WHAT IS NEW', 'NlmCategory': 'BACKGROUND'})]",de-novo-protein-design,0,145.78770491803277,32.5,3
42794498,Next-Generation GLP-1 Agonist Bioassays: Integrating Precision with Biological Relevance.,Christine Graf; Julia Reuter; Sabrina Rüggeberg; Sebastian Mohr; Julia Petri; Sylvie Gelinas; Birgit Niederhaus; Ulrich Werner; Nina Strebe; Zeina El Zein; Dirk Usener,International journal of molecular sciences,2000-01-01T00:00:00,10.3390/ijms27188068,"[""Glucagon-Like Peptide-1 (GLP-1) is an incretin family peptide hormone with significant therapeutic applications. This study evaluated multiple functional methodologies for assessing GLP-1 agonist biological activity, encompassing in vitro cell-based bioassays and in vivo systems. We developed and comparatively analyzed cell-based bioassays measuring distinct cellular signaling events, such as β-arrestin recruitment, cyclic adenosine monophosphate (cAMP) elevation, and calcium (Ca<sup>2+</sup>) mobilization. Each assay was systematically evaluated for robustness and quality control applicability. All assay systems demonstrated functionality independent of the cellular mechanism employed. Real-time Ca<sup>2+</sup> flux measurements confirmed the cell-based assay endpoint data, while cross-verification analyses using the oral glucose tolerance test in mice confirmed the representativeness of the cAMP formats. Initial validation studies revealed inter-assay variations, leading to the selection of the cAMP HTRF assay as the preferred quality control methodology. Further assay refinement and subsequent validation studies confirmed the cAMP HTRF assay's suitability for quality control applications. This methodology has been successfully implemented in routine release testing of a commercially available GLP-1 agonist.""]",cyclic-peptide,0,140.40405405405406,35.0,1
42788235,Gramicidin S analogues as a pathway to overcome antimicrobial resistance.,Tatiana S Shkuratova; Daria V Andreeva; Alexander S Tikhomirov; Andrey E Shchekotikhin,Future medicinal chemistry,2000-01-01T00:00:00,10.1080/17568919.2026.2736285,"[""The growing occurrence of antimicrobial resistance represents a major challenge to global healthcare and necessitates the development of novel therapeutic agents capable of overcoming multidrug-resistant (MDR) pathogens. Gramicidin S (GS), a cyclic decapeptide antibiotic has attracted renewed interest as a promising template for next-generation antimicrobial therapeutics. Its primary mechanism of action involves disruption of bacterial membranes, resulting in rapid bactericidal activity and a low propensity for resistance development. This review summarizes current knowledge on the activity of GS and its analogues against clinically relevant MDR bacteria. Despite antibiotic's long history of clinical use, resistance to GS remains limited. However, its broader therapeutic application is constrained by cytotoxicity, which has driven extensive efforts toward structural optimization. We discuss recent advances in the design of GS analogues, highlighting key structure-activity relationships involving cationic charge, hydrophobicity, amphipathicity and conformational flexibility. Strategies such as β-turn modification, incorporation of non-proteinogenic amino acids and machine learning-guided design have yielded derivatives with improved selectivity and reduced toxicity. These findings underscore the potential of GS as a versatile platform for developing novel peptide antibiotics to combat antimicrobial resistance.""]",cyclic-peptide,0,71.24878048780488,35.0,2
42784449,Correlation of Serological Status with Disease Activity Score 28-Erythrocyte Sedimentation Rate Score in Elderly Patients with Rheumatoid Arthritis: A Cross-sectional Study.,Shubhangi Kanitkar; M Sai Rohith Reddy; Nimmagadda Panindra; Kanamatareddy Sai Abhinav Reddy; Harnoor Kaur Sekhon,Annals of African medicine,2000-01-01T00:00:00,10.4103/aam.aam_679_26,"[StringElement('Rheumatoid arthritis (RA) in the elderly is a clinically distinct entity with unique presenting features, serological profiles, and high disease burden. Elderly-onset RA (EORA), defined as RA with onset at or after 65 years, remains understudied in the Indian population despite its growing prevalence.', attributes={'Label': 'BACKGROUND', 'NlmCategory': 'BACKGROUND'}), StringElement('To characterize the clinical profile of elderly RA patients and to evaluate the correlation between serological status and disease activity as measured by disease activity score 28-erythrocyte sedimentation rate (DAS28-ESR).', attributes={'Label': 'OBJECTIVE', 'NlmCategory': 'OBJECTIVE'}), StringElement('A cross-sectional observational study was conducted at a tertiary care centre enrolling 120 elderly patients (aged ≥60 years) diagnosed with RA by ACR/EULAR 2010 criteria. Clinical, laboratory, serological, and disease activity parameters were systematically recorded.', attributes={'Label': 'METHODOLOGY', 'NlmCategory': 'METHODS'}), StringElement('The mean age was 67.53 ± 6.047 years; 66.7% were female. Classical RA was the most common clinical form (70%), followed by polymyalgia rheumatica-like (25%) and remitting seronegative symmetrical synovitis with pitting edema (RS3PE)-like (5%), with a significant association between the RS3PE-like form and advancing age (P = 0.005). Acute onset was observed in 70%. The shoulder was the most commonly involved joint (43.3%). Proximal interphalangeal joint involvement was significantly higher in YORA (37.9% vs. 14.8%; P = 0.007), whereas ankle joint involvement was significantly higher in EORA (27.8% vs. 7.6%; P = 0.006). Asymmetric joint involvement was significantly more common in EORA (66.7% vs. 42.4%; P = 0.010). RF positivity was 71.7%, anti-cyclic citrullinated peptide (CCP) 69.2%, and overall seropositivity 78.3%. Anti-CCP positivity was significantly associated with high disease activity (P = 0.020), and overall seropositivity was significantly associated with disease activity category (P = 0.033). Mean ESR was 56.41 ± 20.369 mm/h, C-reactive protein was 38.97 ± 19.467 mg/L, and hemoglobin was 11.86 ± 1.246 g/dL. The mean DAS28-ESR was 5.28 ± 0.857; 63.3% had high, and 34.2% had moderate disease activity. Hypertension (30%) and diabetes mellitus (18.3%) were the most prevalent comorbidities. Only 34.2% were on disease-modifying antirheumatic drugs (DMARDs) at enrollment.', attributes={'Label': 'RESULTS', 'NlmCategory': 'RESULTS'}), StringElement('RA in the Indian elderly population is characterized by acute onset, large joint involvement, high serological positivity, elevated inflammatory markers, and predominantly high disease activity. Anti-CCP positivity is a significant predictor of high disease activity. The high comorbidity burden and suboptimal DMARD utilization underscore the need for early diagnosis and comprehensive multidisciplinary management.', attributes={'Label': 'CONCLUSION', 'NlmCategory': 'CONCLUSIONS'})]",cyclic-peptide,0,140.57105263157894,35.0,3
42794906,"Big Data and Artificial Intelligence in Cancer Drug Discovery: Promise, Challenges, and Emerging Opportunities.",Fakhar U Singhera; Justin M Overhulse; Terrence M Lee; Jonathan E Katz; Jerry S H Lee; Charles E McKenna,Cancers,2000-01-01T00:00:00,10.3390/cancers18182939,"['Oncologic drug development is lengthy (~14 years) and expensive (~1.2 billion USD) with low clinical trial success rates (4.1%). Big data and artificial intelligence (AI) are widely proposed as tools to address these challenges. In this review, we examine the current performance and future potential of big data and AI applied to preclinical discovery and development, clinical trials, and the regulatory approval process. We first examine the data foundation required for effective AI, including data harmonization, data commons, and analytical tools. We then assess preclinical applications spanning target identification, compound-library curation, virtual ligand screening, generative chemical design, and high-throughput and high-content screening. In clinical development, we consider the use of big data and AI for outcome prediction, trial design, external and synthetic control arms, adaptive monitoring, and in silico trials. Finally, we discuss how post-approval electronic health records can generate real-world data and real-world evidence to support drug repurposing and improve future oncology drug discovery. Big data is conventionally characterized by a series of ""Vs."" In this review, we have used seven ""Vs"" spanning descriptive and constraining properties of big data and a singular outcome. We have proposed an eighth, Vernacular, a constraint defined as the combined alignment of data semantics and terminology, data representation, data exchange, and data governance across heterogeneous, independently generated datasets to promote interoperability and combined analysis. Although cancer data exhibit substantial Volume, Velocity, and Variety, they remain distributed across fragmented repositories that often cannot be readily integrated. We conclude with a discussion of tabulated resources currently available for the application of big data and AI to oncologic therapeutics.']",ai-drug-discovery,0,136.41923076923078,42.0,1
42794577,Retrieval-Guided Transfer Learning for Low-Resource Ebola Drug-Target Affinity Prediction.,Mubarakah Alotaibi; Nada Al Taweraqi,International journal of molecular sciences,2000-01-01T00:00:00,10.3390/ijms27188147,"['Drug-target affinity (DTA) prediction plays an important role in computational drug discovery; however, its application to emerging infectious diseases such as Ebola remains challenging because of the limited availability of experimentally measured affinity data. To address this low-resource setting, we propose a retrieval-guided transfer-learning framework that leverages BindingDB interactions to improve Ebola DTA prediction. The framework uses a two-stage strategy. In Stage I, source interactions are selected using random sampling, compound-similarity retrieval, protein-similarity retrieval, or hybrid compound-protein retrieval at source-data budgets of 50,000 and 300,000 interactions and combined with Ebola training data to learn transferable representations. In Stage II, the pretrained compound and protein encoders are frozen, while the prediction layers are adapted to the Ebola domain. The framework was implemented with DeepDTA and GraphDTA and evaluated across five random seeds using a scaffold-based split, with conventional machine-learning models and single-stage deep learning as baselines. The best overall configuration, GraphDTA with protein-similarity-guided retrieval at the 50,000-interaction budget, achieved RMSE =0.5498±0.1073, R2=0.8809±0.0452, and Pearson =0.9395±0.0237, outperforming the strongest conventional machine-learning model (Extra Trees, RMSE =0.6065±0.0642) and single-stage GraphDTA (RMSE =0.6533±0.0752). Across both source-data budgets and both DTA backbones, all targeted retrieval configurations achieved lower mean RMSE than their corresponding random-retrieval configurations. At the 50,000-interaction budget, matched seed-wise analysis further showed consistent improvements for protein-guided retrieval across all five seeds for both backbones. Retrieval characterization showed stronger target-domain similarity and substantially lower cross-strategy overlap at 50,000 than at 300,000 interactions, while post hoc sequence analysis independently confirmed enrichment of sequence-level relatedness with protein-guided retrieval. Increasing the source-data budget from 50,000 to 300,000 did not uniformly improve predictive performance, indicating that source-data relevance and retrieval selectivity should be considered jointly with source-data quantity. Finally, virtual-screening and approved-drug repurposing case studies across six Ebola virus targets demonstrate the use of the framework for computational prioritization of compound-target hypotheses. Overall, the findings support relevance-guided source-data selection as an effective strategy for transfer learning in low-resource DTA prediction.']",ai-drug-discovery,0,140.40405405405406,35.25,2
42782436,"Towards precision antileishmanial drug discovery: Integrating multi-omics, functional genomics, artificial intelligence and host-directed therapeutics.",Derya Topuz Ata; Anıl Ata; Zeynep Tuba Odaci,Molecular biology reports,2000-01-01T00:00:00,10.1007/s11033-026-12801-y,"['Leishmaniasis remains one of the most neglected tropical diseases, affecting millions of people worldwide and posing a substantial public health burden in endemic regions. Current treatment options are limited by toxicity, high costs, prolonged treatment regimens, treatment failure, and the increasing emergence of drug-resistant parasites. Moreover, the remarkable genomic plasticity and adaptive capacity of Leishmania species, driven by mosaic aneuploidy and copy number variation, complicate durable target identification and underscore the need for precision-oriented therapeutic approaches. Recent developments in multi-omics strategies, CRISPR-based genome engineering, artificial intelligence, and host-directed therapeutics are transforming precision antileishmanial drug discovery. In this review, we explore how multi-omics technologies uncover pathways involved in parasite survival, virulence, and drug resistance. We examine the contributions of CRISPR-based technologies to functional genomic screening, target validation, and investigation of resistance mechanisms. Complementing these approaches, AI-assisted predictive modelling supports target prioritisation, virtual screening, and structure-guided drug discovery. We also discuss host-directed immunotherapy as a complementary strategy to parasite-directed therapies. Particular focus is placed on high-priority therapeutic pathways regulating redox homeostasis, sterol biosynthesis, MAP kinase signalling, mitochondrial electron transport, and arginine metabolism. Taken together, these strategies offer an integrated framework connecting target discovery, functional validation, computational prioritisation, and host immune modulation, while supporting a precision-oriented approach for the development of safer, more efficient, and resistance-resilient antileishmanial therapies.']",ai-drug-discovery,0,8.0,28.76491876228333,3
42642514,Predictive design of tissue-specific mammalian enhancers that function in the mouse embryo.,Shenzhi Chen; Vincent Loubiere; Ethan W Hollingsworth; Ken Murakami; Nikolaus Mandlburger; Sandra H Jacinto; Atrin Dizehchi; Jacob Schreiber; Evgeny Z Kvon; Alexander Stark,Nature genetics,2000-01-01T00:00:00,10.1038/s41588-026-02729-1,"['Enhancers control tissue-specific gene expression across animals<sup>1</sup>. Although deep learning<sup>2,3</sup> has enabled enhancer prediction and design in mammalian cell lines and non-mammalian model organisms<sup>4-10</sup> (reviewed in a previous publication<sup>11</sup>), it remains unclear whether such approaches can operate within the regulatory complexity of mammalian genomes and tissues in vivo. Here we present a general strategy for designing tissue-specific enhancers that function reliably in mice. We use deep learning to train compact convolutional neural networks on curated chromatin accessibility data and fine-tune them by transfer learning on validated human and mouse enhancers. Guided by these models, we design 15 synthetic enhancers for the heart, limb and central nervous system in mouse embryos, all of which are active in their intended target tissue. These results demonstrate that mammalian enhancer function can be reliably inferred from DNA sequence alone, enabling the predictive de novo design of tissue-specific synthetic enhancers from modest training sets. This work establishes a generalizable framework for programmable control of mammalian gene expression in vivo, opening new avenues in functional genomics, synthetic biology and gene therapy.']",de-novo-protein-design,0,41.3,34.4062211151664,1
42607668,Fifteen challenges for generative AI applications to cell biology.,Leo Dupire; Aly A Khan; Theofanis Karaletsos; Shana Kelley; Emma Lundberg; Jian Ma; Evan Paull; Stephen R Quake; Raul Rabadan; Cassius Rowan; Peter Sims; Sohail Tavazoie; John S Tsang; Mingxuan Zhang; Andrea Califano,Cell,2000-01-01T00:00:00,10.1016/j.cell.2026.07.004,"[""Generative AI (Gen-AI) has shown a remarkable impact in several biological research areas, from protein folding and de novo design to pathogenic mutation prediction. However, it remains unclear whether these molecular-level successes can translate to cellular and multicellular insights relevant to fields ranging from immunology to cancer and neurodegeneration. This arises from the intricate nature of the molecular mechanisms that determine cellular and organismal behavior, the lack of sufficient training data, and the multicellular nature of most pathophysiologic phenotypes. Novel Gen-AI frameworks are likely needed to integrate prior biological knowledge, such as molecular interaction networks, as well as guiding principles focusing the community's attention on solving biologically and translationally relevant problems. Drawing inspiration from Hilbert's list of 23 mathematical problems that have focused the mathematical community's attention for more than a century, we propose fifteen grand AI challenges to focus the biomedical community's attention on critically relevant questions, most of which still lack effective predictive methodologies.""]",de-novo-protein-design,0,64.5,34.0,2
42720792,"Rett syndrome: MECP2 biology, multisystem pathophysiology, and the evolving therapeutic landscape.",S T Gopukumar; Madhumita Saha; Sahil Bhardwaj; Kesavaperumal Gopalakrishnan; Eid Semer Alatwi; Rasha Alonaizan; Huda A Alqahtani; Tanveen Kaur Soni; Samer Shamshad; Uddalak Das,European journal of pediatrics,2000-01-01T00:00:00,10.1007/s00431-026-07377-5,"[StringElement('Rett syndrome (RTT) is an X-linked neurodevelopmental disorder arising predominantly from de novo loss-of-function mutations in MECP2, affecting approximately 1 in 10,000 live female births. MECP2 is a dosage-sensitive epigenetic regulator acting through its methyl-CpG-binding (MBD) and transcriptional-repression (TRD) domains; isoform-specific expression and X-chromosome-inactivation mosaicism drive the wide phenotypic variability, with mutation type broadly correlating with severity. Although historically viewed as neuron-centric, RTT is a multisystem disorder: beyond psychomotor regression, stereotypic hand movements, gait apraxia, and loss of spoken language, MECP2 deficiency contributes to brainstem-mediated breathing dysrhythmia, QTc prolongation, enteric dysmotility, low bone density, and mitochondrial/metabolic deficits, amplified by glial-neuronal crosstalk. Preclinical models, MECP2 rodents, patient iPSC-derived neurons, and cerebral organoids, reveal synaptic and dendritic deficits that improve substantially when MECP2 is reactivated in these systems, indicating that MECP2-deficient neurons remain viable rather than degenerating; whether comparable improvement can be achieved in affected individuals is not yet established. The therapeutic landscape now spans multidisciplinary supportive care, the first approved pharmacotherapy trofinetide, AAV-mediated MECP2 gene replacement (now in pivotal trials, with an important gene-therapy safety signal), antisense oligonucleotides for dosage normalisation, and emerging metabolic agents; validated biomarkers and objective outcome measures remain a major unmet need.', attributes={'Label': 'UNLABELLED'}), StringElement('RTT is a multisystem monogenic disorder whose management is shifting from symptom control toward disease modification. Phenotypic rescue after MECP2 restoration in rodent models provides the rationale for this shift but does not establish that RTT is reversible in patients; progress now depends on validated biomarkers, dose-controlled disease-modifying therapies, long-term outcome data, and equitable global access.', attributes={'Label': 'CONCLUSION', 'NlmCategory': 'CONCLUSIONS'}), StringElement('• More than 90-95% of classic Rett syndrome is caused by de novo loss-of-function mutations in MECP2, a dosage-sensitive epigenetic reader whose isoform distribution, residual function and X-chromosome-inactivation mosaicism together account for much of the phenotypic variability. • Reactivating MECP2 in symptomatic adult rodents substantially improves many disease features, establishing that MECP2-deficient neurons are functionally impaired rather than lost and providing the rationale for disease-modifying therapy.', attributes={'Label': 'WHAT IS KNOWN', 'NlmCategory': 'BACKGROUND'}), StringElement('•\xa0This review integrates isoform-specific and non-neuronal (glial, respiratory, cardiac, gastrointestinal, skeletal and metabolic) mechanisms with a literature base updated to 15 August 2026, and identifies the continuing absence of any validated biomarker or surrogate endpoint, rather than target identification, as the principal obstacle to efficient trials. •\xa0It critically appraises the post-trofinetide landscape - divergent FDA and EMA assessments of the same trial data, a fatal high-dose AAV hyperinflammatory event, and single-arm registrational gene-therapy programmes reported largely outside peer review - and concludes that the demonstrated outcome to date is gain or re-acquisition of developmental milestones, not reversal of established disease.', attributes={'Label': 'WHAT IS NEW', 'NlmCategory': 'BACKGROUND'})]",de-novo-protein-design,0,145.78770491803277,32.5,3
42794498,Next-Generation GLP-1 Agonist Bioassays: Integrating Precision with Biological Relevance.,Christine Graf; Julia Reuter; Sabrina Rüggeberg; Sebastian Mohr; Julia Petri; Sylvie Gelinas; Birgit Niederhaus; Ulrich Werner; Nina Strebe; Zeina El Zein; Dirk Usener,International journal of molecular sciences,2000-01-01T00:00:00,10.3390/ijms27188068,"[""Glucagon-Like Peptide-1 (GLP-1) is an incretin family peptide hormone with significant therapeutic applications. This study evaluated multiple functional methodologies for assessing GLP-1 agonist biological activity, encompassing in vitro cell-based bioassays and in vivo systems. We developed and comparatively analyzed cell-based bioassays measuring distinct cellular signaling events, such as β-arrestin recruitment, cyclic adenosine monophosphate (cAMP) elevation, and calcium (Ca<sup>2+</sup>) mobilization. Each assay was systematically evaluated for robustness and quality control applicability. All assay systems demonstrated functionality independent of the cellular mechanism employed. Real-time Ca<sup>2+</sup> flux measurements confirmed the cell-based assay endpoint data, while cross-verification analyses using the oral glucose tolerance test in mice confirmed the representativeness of the cAMP formats. Initial validation studies revealed inter-assay variations, leading to the selection of the cAMP HTRF assay as the preferred quality control methodology. Further assay refinement and subsequent validation studies confirmed the cAMP HTRF assay's suitability for quality control applications. This methodology has been successfully implemented in routine release testing of a commercially available GLP-1 agonist.""]",cyclic-peptide,0,140.40405405405406,35.0,1
42788235,Gramicidin S analogues as a pathway to overcome antimicrobial resistance.,Tatiana S Shkuratova; Daria V Andreeva; Alexander S Tikhomirov; Andrey E Shchekotikhin,Future medicinal chemistry,2000-01-01T00:00:00,10.1080/17568919.2026.2736285,"[""The growing occurrence of antimicrobial resistance represents a major challenge to global healthcare and necessitates the development of novel therapeutic agents capable of overcoming multidrug-resistant (MDR) pathogens. Gramicidin S (GS), a cyclic decapeptide antibiotic has attracted renewed interest as a promising template for next-generation antimicrobial therapeutics. Its primary mechanism of action involves disruption of bacterial membranes, resulting in rapid bactericidal activity and a low propensity for resistance development. This review summarizes current knowledge on the activity of GS and its analogues against clinically relevant MDR bacteria. Despite antibiotic's long history of clinical use, resistance to GS remains limited. However, its broader therapeutic application is constrained by cytotoxicity, which has driven extensive efforts toward structural optimization. We discuss recent advances in the design of GS analogues, highlighting key structure-activity relationships involving cationic charge, hydrophobicity, amphipathicity and conformational flexibility. Strategies such as β-turn modification, incorporation of non-proteinogenic amino acids and machine learning-guided design have yielded derivatives with improved selectivity and reduced toxicity. These findings underscore the potential of GS as a versatile platform for developing novel peptide antibiotics to combat antimicrobial resistance.""]",cyclic-peptide,0,71.24878048780488,35.0,2
42784449,Correlation of Serological Status with Disease Activity Score 28-Erythrocyte Sedimentation Rate Score in Elderly Patients with Rheumatoid Arthritis: A Cross-sectional Study.,Shubhangi Kanitkar; M Sai Rohith Reddy; Nimmagadda Panindra; Kanamatareddy Sai Abhinav Reddy; Harnoor Kaur Sekhon,Annals of African medicine,2000-01-01T00:00:00,10.4103/aam.aam_679_26,"[StringElement('Rheumatoid arthritis (RA) in the elderly is a clinically distinct entity with unique presenting features, serological profiles, and high disease burden. Elderly-onset RA (EORA), defined as RA with onset at or after 65 years, remains understudied in the Indian population despite its growing prevalence.', attributes={'Label': 'BACKGROUND', 'NlmCategory': 'BACKGROUND'}), StringElement('To characterize the clinical profile of elderly RA patients and to evaluate the correlation between serological status and disease activity as measured by disease activity score 28-erythrocyte sedimentation rate (DAS28-ESR).', attributes={'Label': 'OBJECTIVE', 'NlmCategory': 'OBJECTIVE'}), StringElement('A cross-sectional observational study was conducted at a tertiary care centre enrolling 120 elderly patients (aged ≥60 years) diagnosed with RA by ACR/EULAR 2010 criteria. Clinical, laboratory, serological, and disease activity parameters were systematically recorded.', attributes={'Label': 'METHODOLOGY', 'NlmCategory': 'METHODS'}), StringElement('The mean age was 67.53 ± 6.047 years; 66.7% were female. Classical RA was the most common clinical form (70%), followed by polymyalgia rheumatica-like (25%) and remitting seronegative symmetrical synovitis with pitting edema (RS3PE)-like (5%), with a significant association between the RS3PE-like form and advancing age (P = 0.005). Acute onset was observed in 70%. The shoulder was the most commonly involved joint (43.3%). Proximal interphalangeal joint involvement was significantly higher in YORA (37.9% vs. 14.8%; P = 0.007), whereas ankle joint involvement was significantly higher in EORA (27.8% vs. 7.6%; P = 0.006). Asymmetric joint involvement was significantly more common in EORA (66.7% vs. 42.4%; P = 0.010). RF positivity was 71.7%, anti-cyclic citrullinated peptide (CCP) 69.2%, and overall seropositivity 78.3%. Anti-CCP positivity was significantly associated with high disease activity (P = 0.020), and overall seropositivity was significantly associated with disease activity category (P = 0.033). Mean ESR was 56.41 ± 20.369 mm/h, C-reactive protein was 38.97 ± 19.467 mg/L, and hemoglobin was 11.86 ± 1.246 g/dL. The mean DAS28-ESR was 5.28 ± 0.857; 63.3% had high, and 34.2% had moderate disease activity. Hypertension (30%) and diabetes mellitus (18.3%) were the most prevalent comorbidities. Only 34.2% were on disease-modifying antirheumatic drugs (DMARDs) at enrollment.', attributes={'Label': 'RESULTS', 'NlmCategory': 'RESULTS'}), StringElement('RA in the Indian elderly population is characterized by acute onset, large joint involvement, high serological positivity, elevated inflammatory markers, and predominantly high disease activity. Anti-CCP positivity is a significant predictor of high disease activity. The high comorbidity burden and suboptimal DMARD utilization underscore the need for early diagnosis and comprehensive multidisciplinary management.', attributes={'Label': 'CONCLUSION', 'NlmCategory': 'CONCLUSIONS'})]",cyclic-peptide,0,140.57105263157894,35.0,3
42794906,"Big Data and Artificial Intelligence in Cancer Drug Discovery: Promise, Challenges, and Emerging Opportunities.",Fakhar U Singhera; Justin M Overhulse; Terrence M Lee; Jonathan E Katz; Jerry S H Lee; Charles E McKenna,Cancers,2000-01-01T00:00:00,10.3390/cancers18182939,"['Oncologic drug development is lengthy (~14 years) and expensive (~1.2 billion USD) with low clinical trial success rates (4.1%). Big data and artificial intelligence (AI) are widely proposed as tools to address these challenges. In this review, we examine the current performance and future potential of big data and AI applied to preclinical discovery and development, clinical trials, and the regulatory approval process. We first examine the data foundation required for effective AI, including data harmonization, data commons, and analytical tools. We then assess preclinical applications spanning target identification, compound-library curation, virtual ligand screening, generative chemical design, and high-throughput and high-content screening. In clinical development, we consider the use of big data and AI for outcome prediction, trial design, external and synthetic control arms, adaptive monitoring, and in silico trials. Finally, we discuss how post-approval electronic health records can generate real-world data and real-world evidence to support drug repurposing and improve future oncology drug discovery. Big data is conventionally characterized by a series of ""Vs."" In this review, we have used seven ""Vs"" spanning descriptive and constraining properties of big data and a singular outcome. We have proposed an eighth, Vernacular, a constraint defined as the combined alignment of data semantics and terminology, data representation, data exchange, and data governance across heterogeneous, independently generated datasets to promote interoperability and combined analysis. Although cancer data exhibit substantial Volume, Velocity, and Variety, they remain distributed across fragmented repositories that often cannot be readily integrated. We conclude with a discussion of tabulated resources currently available for the application of big data and AI to oncologic therapeutics.']",ai-drug-discovery,0,136.41923076923078,42.0,1
42794577,Retrieval-Guided Transfer Learning for Low-Resource Ebola Drug-Target Affinity Prediction.,Mubarakah Alotaibi; Nada Al Taweraqi,International journal of molecular sciences,2000-01-01T00:00:00,10.3390/ijms27188147,"['Drug-target affinity (DTA) prediction plays an important role in computational drug discovery; however, its application to emerging infectious diseases such as Ebola remains challenging because of the limited availability of experimentally measured affinity data. To address this low-resource setting, we propose a retrieval-guided transfer-learning framework that leverages BindingDB interactions to improve Ebola DTA prediction. The framework uses a two-stage strategy. In Stage I, source interactions are selected using random sampling, compound-similarity retrieval, protein-similarity retrieval, or hybrid compound-protein retrieval at source-data budgets of 50,000 and 300,000 interactions and combined with Ebola training data to learn transferable representations. In Stage II, the pretrained compound and protein encoders are frozen, while the prediction layers are adapted to the Ebola domain. The framework was implemented with DeepDTA and GraphDTA and evaluated across five random seeds using a scaffold-based split, with conventional machine-learning models and single-stage deep learning as baselines. The best overall configuration, GraphDTA with protein-similarity-guided retrieval at the 50,000-interaction budget, achieved RMSE =0.5498±0.1073, R2=0.8809±0.0452, and Pearson =0.9395±0.0237, outperforming the strongest conventional machine-learning model (Extra Trees, RMSE =0.6065±0.0642) and single-stage GraphDTA (RMSE =0.6533±0.0752). Across both source-data budgets and both DTA backbones, all targeted retrieval configurations achieved lower mean RMSE than their corresponding random-retrieval configurations. At the 50,000-interaction budget, matched seed-wise analysis further showed consistent improvements for protein-guided retrieval across all five seeds for both backbones. Retrieval characterization showed stronger target-domain similarity and substantially lower cross-strategy overlap at 50,000 than at 300,000 interactions, while post hoc sequence analysis independently confirmed enrichment of sequence-level relatedness with protein-guided retrieval. Increasing the source-data budget from 50,000 to 300,000 did not uniformly improve predictive performance, indicating that source-data relevance and retrieval selectivity should be considered jointly with source-data quantity. Finally, virtual-screening and approved-drug repurposing case studies across six Ebola virus targets demonstrate the use of the framework for computational prioritization of compound-target hypotheses. Overall, the findings support relevance-guided source-data selection as an effective strategy for transfer learning in low-resource DTA prediction.']",ai-drug-discovery,0,140.40405405405406,35.25,2
42811363,Uncovering pan-cancer signatures of chemoresistance.,Mohammed Inayatullah; Engin Demirdizen; Zachery Keepers; Catarina Mendes Correia; Seyyed Morteza Hashemi; Kaushlendra Tripathi; Souren Sadhukhan; Ishita Bardhan; Arun Mahesh; Feyruz V Rassool; Mikkel Green Terp; Hem D Shukla; Vijay K Tiwari,Genome medicine,2000-01-01T00:00:00,10.1186/s13073-026-01763-2,"[StringElement('Chemotherapy resistance remains a formidable challenge in cancer treatment, driving high mortality rates worldwide. Despite significant advancements, it remains unclear whether conserved molecular programs underpin therapy resistance across cancer types.', attributes={'Label': 'BACKGROUND', 'NlmCategory': 'BACKGROUND'}), StringElement('Here, we integrate single-cell RNA sequencing, spatial transcriptomics, regulatory network modeling, transcription factor binding data, and pharmacologic perturbation across multiple cancer types to define a conserved, proliferative chemoresistant tumor state.', attributes={'Label': 'METHODS', 'NlmCategory': 'METHODS'}), StringElement('Contrary to the prevailing notion that resistance arises from quiescent or EMT-like phenotypes, we find that resistant tumor cells display elevated G2/M and S-phase activity, enriched expression of E2F and MYC target genes, and activation of DNA repair and PI3K/AKT signaling pathways. We identify the transcription factor MYC as a central regulator of the resistant state, with progressive activation along the resistance trajectory and focal expression in resistant epithelial niches. A novel MYC target, SRM (Spermidine Synthase), emerges as a conserved effector of resistance, promoting polyamine biosynthesis critical for chromatin stability and metabolic resilience. SRM expression correlates with MYC binding and predicts poor patient survival. Functional validation in cell lines, patient-derived organoids and mouse models demonstrate that pharmacologic inhibition of MYC, SRM, or WNT signalling restores chemotherapy sensitivity, suppresses resistance-associated pathways, and reactivates apoptosis. Spatial and survival analyses confirm the clinical relevance of the MYC-SRM axis, establishing it as a druggable module in treatment-refractory cancers.', attributes={'Label': 'RESULTS', 'NlmCategory': 'RESULTS'}), StringElement('To our knowledge, this is the first comprehensive study that redefines chemoresistance as a proliferative, MYC-driven state and uncover SRM as a tractable vulnerability, offering new avenues for therapeutic intervention across diverse epithelial malignancies.', attributes={'Label': 'CONCLUSIONS', 'NlmCategory': 'CONCLUSIONS'})]",ai-drug-discovery,0,75.57333333333334,32.75,3
42716354,Deep generative models in biological sequence and structure analysis and design.,Fahimeh Palizban; Mohammadmahdi Sarbishegi; Huiqi Qu; Amir Hossein Saeidian; Mahya Mehrmohamadi; Joseph Glessner; Hakon Hakonarson,Biotechnology advances,2000-01-01T00:00:00,10.1016/j.biotechadv.2026.109039,"['Deep generative models have transformed biological sequence modeling from predictive analysis toward increasingly controllable design. Early biological applications of Variational Autoencoders (VAEs) and Generative Adversarial Networks (GANs) established latent representation learning and sequence synthesis, while recent advances in transformer-based language models, discrete diffusion, flow-matching, and multimodal generative frameworks have substantially expanded the scope of biological design. This review examines generative models for DNA, RNA, and protein sequence design, emphasizing how different model classes represent biological constraints, operate over discrete and continuous spaces, and integrate sequence, structure, and function. We compare VAEs, GANs, autoregressive and masked language models, diffusion models, and flow-based approaches across genomics, transcriptomics, and proteomics, with particular attention to controllability, long-range dependency modeling, structural grounding, generalization, and experimental utility. We further examine evaluation strategies, out-of-distribution generalization, and closed-loop design-build-test-learn workflows that connect in silico generation with empirical validation. We distinguish fundamental modality-dependent constraints including sequence discreteness, context length, structural coupling, and physical or thermodynamic requirements from architecture-dependent advantages that reflect the current state of the field. Current studies suggest that long-context models are particularly useful for genome-scale representation and sequence modeling, whereas structure-aware diffusion, flow-based, and inverse-folding approaches provide better frameworks for geometry-constrained RNA and protein design. This perspective provides a critical framework for understanding the present capabilities, limitations, and convergence of generative approaches toward reliable and experimentally grounded biological design.']",de-novo-protein-design,0,55.209523809523816,35.833333333333336,1
42642514,Predictive design of tissue-specific mammalian enhancers that function in the mouse embryo.,Shenzhi Chen; Vincent Loubiere; Ethan W Hollingsworth; Ken Murakami; Nikolaus Mandlburger; Sandra H Jacinto; Atrin Dizehchi; Jacob Schreiber; Evgeny Z Kvon; Alexander Stark,Nature genetics,2000-01-01T00:00:00,10.1038/s41588-026-02729-1,"['Enhancers control tissue-specific gene expression across animals<sup>1</sup>. Although deep learning<sup>2,3</sup> has enabled enhancer prediction and design in mammalian cell lines and non-mammalian model organisms<sup>4-10</sup> (reviewed in a previous publication<sup>11</sup>), it remains unclear whether such approaches can operate within the regulatory complexity of mammalian genomes and tissues in vivo. Here we present a general strategy for designing tissue-specific enhancers that function reliably in mice. We use deep learning to train compact convolutional neural networks on curated chromatin accessibility data and fine-tune them by transfer learning on validated human and mouse enhancers. Guided by these models, we design 15 synthetic enhancers for the heart, limb and central nervous system in mouse embryos, all of which are active in their intended target tissue. These results demonstrate that mammalian enhancer function can be reliably inferred from DNA sequence alone, enabling the predictive de novo design of tissue-specific synthetic enhancers from modest training sets. This work establishes a generalizable framework for programmable control of mammalian gene expression in vivo, opening new avenues in functional genomics, synthetic biology and gene therapy.']",de-novo-protein-design,0,41.3,34.4062211151664,2
42607668,Fifteen challenges for generative AI applications to cell biology.,Leo Dupire; Aly A Khan; Theofanis Karaletsos; Shana Kelley; Emma Lundberg; Jian Ma; Evan Paull; Stephen R Quake; Raul Rabadan; Rowan Cassius; Peter Sims; Sohail Tavazoie; John S Tsang; Mingxuan Zhang; Andrea Califano,Cell,2000-01-01T00:00:00,10.1016/j.cell.2026.07.004,"[""Generative AI (Gen-AI) has shown a remarkable impact in several biological research areas, from protein folding and de novo design to pathogenic mutation prediction. However, it remains unclear whether these molecular-level successes can translate to cellular and multicellular insights relevant to fields ranging from immunology to cancer and neurodegeneration. This arises from the intricate nature of the molecular mechanisms that determine cellular and organismal behavior, the lack of sufficient training data, and the multicellular nature of most pathophysiologic phenotypes. Novel Gen-AI frameworks are likely needed to integrate prior biological knowledge, such as molecular interaction networks, as well as guiding principles focusing the community's attention on solving biologically and translationally relevant problems. Drawing inspiration from Hilbert's list of 23 mathematical problems that have focused the mathematical community's attention for more than a century, we propose fifteen grand AI challenges to focus the biomedical community's attention on critically relevant questions, most of which still lack effective predictive methodologies.""]",de-novo-protein-design,0,64.5,34.0,3
42794498,Next-Generation GLP-1 Agonist Bioassays: Integrating Precision with Biological Relevance.,Christine Graf; Julia Reuter; Sabrina Rüggeberg; Sebastian Mohr; Julia Petri; Sylvie Gelinas; Birgit Niederhaus; Ulrich Werner; Nina Strebe; Zeina El Zein; Dirk Usener,International journal of molecular sciences,2000-01-01T00:00:00,10.3390/ijms27188068,"[""Glucagon-Like Peptide-1 (GLP-1) is an incretin family peptide hormone with significant therapeutic applications. This study evaluated multiple functional methodologies for assessing GLP-1 agonist biological activity, encompassing in vitro cell-based bioassays and in vivo systems. We developed and comparatively analyzed cell-based bioassays measuring distinct cellular signaling events, such as β-arrestin recruitment, cyclic adenosine monophosphate (cAMP) elevation, and calcium (Ca<sup>2+</sup>) mobilization. Each assay was systematically evaluated for robustness and quality control applicability. All assay systems demonstrated functionality independent of the cellular mechanism employed. Real-time Ca<sup>2+</sup> flux measurements confirmed the cell-based assay endpoint data, while cross-verification analyses using the oral glucose tolerance test in mice confirmed the representativeness of the cAMP formats. Initial validation studies revealed inter-assay variations, leading to the selection of the cAMP HTRF assay as the preferred quality control methodology. Further assay refinement and subsequent validation studies confirmed the cAMP HTRF assay's suitability for quality control applications. This methodology has been successfully implemented in routine release testing of a commercially available GLP-1 agonist.""]",cyclic-peptide,0,140.40405405405406,35.0,1
42788235,Gramicidin S analogues as a pathway to overcome antimicrobial resistance.,Tatiana S Shkuratova; Daria V Andreeva; Alexander S Tikhomirov; Andrey E Shchekotikhin,Future medicinal chemistry,2000-01-01T00:00:00,10.1080/17568919.2026.2736285,"[""The growing occurrence of antimicrobial resistance represents a major challenge to global healthcare and necessitates the development of novel therapeutic agents capable of overcoming multidrug-resistant (MDR) pathogens. Gramicidin S (GS), a cyclic decapeptide antibiotic has attracted renewed interest as a promising template for next-generation antimicrobial therapeutics. Its primary mechanism of action involves disruption of bacterial membranes, resulting in rapid bactericidal activity and a low propensity for resistance development. This review summarizes current knowledge on the activity of GS and its analogues against clinically relevant MDR bacteria. Despite antibiotic's long history of clinical use, resistance to GS remains limited. However, its broader therapeutic application is constrained by cytotoxicity, which has driven extensive efforts toward structural optimization. We discuss recent advances in the design of GS analogues, highlighting key structure-activity relationships involving cationic charge, hydrophobicity, amphipathicity and conformational flexibility. Strategies such as β-turn modification, incorporation of non-proteinogenic amino acids and machine learning-guided design have yielded derivatives with improved selectivity and reduced toxicity. These findings underscore the potential of GS as a versatile platform for developing novel peptide antibiotics to combat antimicrobial resistance.""]",cyclic-peptide,0,71.24878048780488,35.0,2
42794462,Ribitoborate Synergism with Histone Deacetylase Inhibitor Romidepsin as a Potential Treatment for Breast Cancer.,Ravi Doddapaneni; Jason D Tucker; Jian Zhang; Pei J Lu; Qi L Lu,International journal of molecular sciences,2000-01-01T00:00:00,10.3390/ijms27188033,"['Triple-negative breast cancer (TNBC) is a subtype associated with poor prognosis and low survival rates, largely due to limited treatment options. In recent years, histone deacetylase (HDAC) inhibitors have emerged as promising anti-cancer candidates due to their attractive epigenetic properties and distinct mechanisms of action but have shown limited success in solid tumors. Here, we explore ribitoborate along with HDAC inhibitors for potential use as a treatment for TNBC. Experiments were performed on the TNBC cell line MDA-MB-231. The results of the study revealed that ribitoborate and romidepsin showed synergistic responses leading to significant arrest of cell proliferation (80%) (<i>p</i> < 0.01) as well as migration inhibition. These effects were associated with downregulation of c-Myc, survivin, Bcl-2, and cyclin D1, as well as upregulation of p53 and p21 proteins; notably the changes were significantly greater with the combined treatment than with either ribitoborate or romidepsin alone. Romidepsin and ribitoborate combined treatment time-dependently increased cell death of MDA-MB-231 cells with greater efficiency than romidepsin alone. Cell death by apoptosis was supported by the upregulation of H3k9 and H3k27 acetylation with decreasing proliferation. These results suggest the great potential of the drug combination for treatment of TNBC. The underlying molecular mechanisms for synergy could be further explored for potential development of new combined therapy for breast cancer.']",cyclic-peptide,0,140.40405405405406,32.0,3
42794906,"Big Data and Artificial Intelligence in Cancer Drug Discovery: Promise, Challenges, and Emerging Opportunities.",Fakhar U Singhera; Justin M Overhulse; Terrence M Lee; Jonathan E Katz; Jerry S H Lee; Charles E McKenna,Cancers,2000-01-01T00:00:00,10.3390/cancers18182939,"['Oncologic drug development is lengthy (~14 years) and expensive (~1.2 billion USD) with low clinical trial success rates (4.1%). Big data and artificial intelligence (AI) are widely proposed as tools to address these challenges. In this review, we examine the current performance and future potential of big data and AI applied to preclinical discovery and development, clinical trials, and the regulatory approval process. We first examine the data foundation required for effective AI, including data harmonization, data commons, and analytical tools. We then assess preclinical applications spanning target identification, compound-library curation, virtual ligand screening, generative chemical design, and high-throughput and high-content screening. In clinical development, we consider the use of big data and AI for outcome prediction, trial design, external and synthetic control arms, adaptive monitoring, and in silico trials. Finally, we discuss how post-approval electronic health records can generate real-world data and real-world evidence to support drug repurposing and improve future oncology drug discovery. Big data is conventionally characterized by a series of ""Vs."" In this review, we have used seven ""Vs"" spanning descriptive and constraining properties of big data and a singular outcome. We have proposed an eighth, Vernacular, a constraint defined as the combined alignment of data semantics and terminology, data representation, data exchange, and data governance across heterogeneous, independently generated datasets to promote interoperability and combined analysis. Although cancer data exhibit substantial Volume, Velocity, and Variety, they remain distributed across fragmented repositories that often cannot be readily integrated. We conclude with a discussion of tabulated resources currently available for the application of big data and AI to oncologic therapeutics.']",ai-drug-discovery,0,136.41923076923078,42.0,1
42794577,Retrieval-Guided Transfer Learning for Low-Resource Ebola Drug-Target Affinity Prediction.,Mubarakah Alotaibi; Nada Al Taweraqi,International journal of molecular sciences,2000-01-01T00:00:00,10.3390/ijms27188147,"['Drug-target affinity (DTA) prediction plays an important role in computational drug discovery; however, its application to emerging infectious diseases such as Ebola remains challenging because of the limited availability of experimentally measured affinity data. To address this low-resource setting, we propose a retrieval-guided transfer-learning framework that leverages BindingDB interactions to improve Ebola DTA prediction. The framework uses a two-stage strategy. In Stage I, source interactions are selected using random sampling, compound-similarity retrieval, protein-similarity retrieval, or hybrid compound-protein retrieval at source-data budgets of 50,000 and 300,000 interactions and combined with Ebola training data to learn transferable representations. In Stage II, the pretrained compound and protein encoders are frozen, while the prediction layers are adapted to the Ebola domain. The framework was implemented with DeepDTA and GraphDTA and evaluated across five random seeds using a scaffold-based split, with conventional machine-learning models and single-stage deep learning as baselines. The best overall configuration, GraphDTA with protein-similarity-guided retrieval at the 50,000-interaction budget, achieved RMSE =0.5498±0.1073, R2=0.8809±0.0452, and Pearson =0.9395±0.0237, outperforming the strongest conventional machine-learning model (Extra Trees, RMSE =0.6065±0.0642) and single-stage GraphDTA (RMSE =0.6533±0.0752). Across both source-data budgets and both DTA backbones, all targeted retrieval configurations achieved lower mean RMSE than their corresponding random-retrieval configurations. At the 50,000-interaction budget, matched seed-wise analysis further showed consistent improvements for protein-guided retrieval across all five seeds for both backbones. Retrieval characterization showed stronger target-domain similarity and substantially lower cross-strategy overlap at 50,000 than at 300,000 interactions, while post hoc sequence analysis independently confirmed enrichment of sequence-level relatedness with protein-guided retrieval. Increasing the source-data budget from 50,000 to 300,000 did not uniformly improve predictive performance, indicating that source-data relevance and retrieval selectivity should be considered jointly with source-data quantity. Finally, virtual-screening and approved-drug repurposing case studies across six Ebola virus targets demonstrate the use of the framework for computational prioritization of compound-target hypotheses. Overall, the findings support relevance-guided source-data selection as an effective strategy for transfer learning in low-resource DTA prediction.']",ai-drug-discovery,0,140.40405405405406,35.25,2
42814179,A molecular modeling and machine learning-based approach for the identification of potential human ALOX15 inhibitors.,Sonam Grewal; Biswayan Ghosh; Roy Karnati; Tanneru Hemanth Kumar; Polamarasetty Aparoy,Journal of molecular modeling,2000-01-01T00:00:00,10.1007/s00894-026-06968-1,"[StringElement('Arachidonate 15-lipoxygenase (ALOX15) metabolises polyunsaturated fatty acids into lipid mediators that regulate inflammation. Depending on the cell type and substrate, ALOX15 influences both pro-inflammatory and pro-resolving pathways. Its dysregulation is associated with asthma, atherosclerosis, neurodegeneration, ferroptosis, inflammation, oxidative stress and disrupted lipid homeostasis. Therefore, targeting ALOX15 offers a promising strategy for modulating pathological lipid oxidation.', attributes={'Label': 'CONTEXT', 'NlmCategory': 'BACKGROUND'}), StringElement('In this study, a hybrid ligand-based and structure-based machine learning (ML) framework was developed that combines physicochemical and 3D ligand features with interacting features (including SIFts) derived from protein-ligand interactions for the discovery of putative ALOX15 inhibitors. To identify potent human ALOX15 inhibitors, predictive machine learning (ML) models were developed, a dataset was obtained from BindingDB and multiple molecular representations (1-D, 2-D, 3-D descriptors, fingerprints and post-docking features) were computed. Two classes of ML models, Type A and Type B, were developed using 8 regression algorithms. The best Type A model, XGBoost, achieved training R<sup>2</sup> of 0.915 (RMSE\u2009=\u20090.299; MAE\u2009=\u20090.224) and test R<sup>2</sup> of 0.688 (RMSE\u2009=\u20090.581; MAE\u2009=\u20090.456), whereas the best Type B model, Random Forest, attained training R<sup>2</sup> of 0.938 (RMSE\u2009=\u20090.254; MAE\u2009=\u20090.195) and test R<sup>2</sup> of 0.659 (RMSE\u2009=\u20090.607; MAE\u2009=\u20090.473). Over 5 million compounds from various databases were screened, and five compounds were identified. ADME predictions and molecular dynamics simulations suggest favourable pharmacokinetic properties and stable binding within the active site of human ALOX15. These compounds are proposed as putative inhibitors and require further experimental validation.', attributes={'Label': 'METHOD', 'NlmCategory': 'METHODS'})]",ai-drug-discovery,0,135.01,32.75,3
42716354,Deep generative models in biological sequence and structure analysis and design.,Fahimeh Palizban; Mohammadmahdi Sarbishegi; Huiqi Qu; Amir Hossein Saeidian; Mahya Mehrmohamadi; Joseph Glessner; Hakon Hakonarson,Biotechnology advances,2000-01-01T00:00:00,10.1016/j.biotechadv.2026.109039,"['Deep generative models have transformed biological sequence modeling from predictive analysis toward increasingly controllable design. Early biological applications of Variational Autoencoders (VAEs) and Generative Adversarial Networks (GANs) established latent representation learning and sequence synthesis, while recent advances in transformer-based language models, discrete diffusion, flow-matching, and multimodal generative frameworks have substantially expanded the scope of biological design. This review examines generative models for DNA, RNA, and protein sequence design, emphasizing how different model classes represent biological constraints, operate over discrete and continuous spaces, and integrate sequence, structure, and function. We compare VAEs, GANs, autoregressive and masked language models, diffusion models, and flow-based approaches across genomics, transcriptomics, and proteomics, with particular attention to controllability, long-range dependency modeling, structural grounding, generalization, and experimental utility. We further examine evaluation strategies, out-of-distribution generalization, and closed-loop design-build-test-learn workflows that connect in silico generation with empirical validation. We distinguish fundamental modality-dependent constraints including sequence discreteness, context length, structural coupling, and physical or thermodynamic requirements from architecture-dependent advantages that reflect the current state of the field. Current studies suggest that long-context models are particularly useful for genome-scale representation and sequence modeling, whereas structure-aware diffusion, flow-based, and inverse-folding approaches provide better frameworks for geometry-constrained RNA and protein design. This perspective provides a critical framework for understanding the present capabilities, limitations, and convergence of generative approaches toward reliable and experimentally grounded biological design.']",de-novo-protein-design,0,55.209523809523816,35.833333333333336,1
42642514,Predictive design of tissue-specific mammalian enhancers that function in the mouse embryo.,Shenzhi Chen; Vincent Loubiere; Ethan W Hollingsworth; Ken Murakami; Nikolaus Mandlburger; Sandra H Jacinto; Atrin Dizehchi; Jacob Schreiber; Evgeny Z Kvon; Alexander Stark,Nature genetics,2000-01-01T00:00:00,10.1038/s41588-026-02729-1,"['Enhancers control tissue-specific gene expression across animals<sup>1</sup>. Although deep learning<sup>2,3</sup> has enabled enhancer prediction and design in mammalian cell lines and non-mammalian model organisms<sup>4-10</sup> (reviewed in a previous publication<sup>11</sup>), it remains unclear whether such approaches can operate within the regulatory complexity of mammalian genomes and tissues in vivo. Here we present a general strategy for designing tissue-specific enhancers that function reliably in mice. We use deep learning to train compact convolutional neural networks on curated chromatin accessibility data and fine-tune them by transfer learning on validated human and mouse enhancers. Guided by these models, we design 15 synthetic enhancers for the heart, limb and central nervous system in mouse embryos, all of which are active in their intended target tissue. These results demonstrate that mammalian enhancer function can be reliably inferred from DNA sequence alone, enabling the predictive de novo design of tissue-specific synthetic enhancers from modest training sets. This work establishes a generalizable framework for programmable control of mammalian gene expression in vivo, opening new avenues in functional genomics, synthetic biology and gene therapy.']",de-novo-protein-design,0,41.3,34.4062211151664,2
42720792,"Rett syndrome: MECP2 biology, multisystem pathophysiology, and the evolving therapeutic landscape.",S T Gopukumar; Madhumita Saha; Sahil Bhardwaj; Kesavaperumal Gopalakrishnan; Eid Semer Alatwi; Rasha Alonaizan; Huda A Alqahtani; Tanveen Kaur Soni; Samer Shamshad; Uddalak Das,European journal of pediatrics,2000-01-01T00:00:00,10.1007/s00431-026-07377-5,"[StringElement('Rett syndrome (RTT) is an X-linked neurodevelopmental disorder arising predominantly from de novo loss-of-function mutations in MECP2, affecting approximately 1 in 10,000 live female births. MECP2 is a dosage-sensitive epigenetic regulator acting through its methyl-CpG-binding (MBD) and transcriptional-repression (TRD) domains; isoform-specific expression and X-chromosome-inactivation mosaicism drive the wide phenotypic variability, with mutation type broadly correlating with severity. Although historically viewed as neuron-centric, RTT is a multisystem disorder: beyond psychomotor regression, stereotypic hand movements, gait apraxia, and loss of spoken language, MECP2 deficiency contributes to brainstem-mediated breathing dysrhythmia, QTc prolongation, enteric dysmotility, low bone density, and mitochondrial/metabolic deficits, amplified by glial-neuronal crosstalk. Preclinical models, MECP2 rodents, patient iPSC-derived neurons, and cerebral organoids, reveal synaptic and dendritic deficits that improve substantially when MECP2 is reactivated in these systems, indicating that MECP2-deficient neurons remain viable rather than degenerating; whether comparable improvement can be achieved in affected individuals is not yet established. The therapeutic landscape now spans multidisciplinary supportive care, the first approved pharmacotherapy trofinetide, AAV-mediated MECP2 gene replacement (now in pivotal trials, with an important gene-therapy safety signal), antisense oligonucleotides for dosage normalisation, and emerging metabolic agents; validated biomarkers and objective outcome measures remain a major unmet need.', attributes={'Label': 'UNLABELLED'}), StringElement('RTT is a multisystem monogenic disorder whose management is shifting from symptom control toward disease modification. Phenotypic rescue after MECP2 restoration in rodent models provides the rationale for this shift but does not establish that RTT is reversible in patients; progress now depends on validated biomarkers, dose-controlled disease-modifying therapies, long-term outcome data, and equitable global access.', attributes={'Label': 'CONCLUSION', 'NlmCategory': 'CONCLUSIONS'}), StringElement('• More than 90-95% of classic Rett syndrome is caused by de novo loss-of-function mutations in MECP2, a dosage-sensitive epigenetic reader whose isoform distribution, residual function and X-chromosome-inactivation mosaicism together account for much of the phenotypic variability. • Reactivating MECP2 in symptomatic adult rodents substantially improves many disease features, establishing that MECP2-deficient neurons are functionally impaired rather than lost and providing the rationale for disease-modifying therapy.', attributes={'Label': 'WHAT IS KNOWN', 'NlmCategory': 'BACKGROUND'}), StringElement('•\xa0This review integrates isoform-specific and non-neuronal (glial, respiratory, cardiac, gastrointestinal, skeletal and metabolic) mechanisms with a literature base updated to 15 August 2026, and identifies the continuing absence of any validated biomarker or surrogate endpoint, rather than target identification, as the principal obstacle to efficient trials. •\xa0It critically appraises the post-trofinetide landscape - divergent FDA and EMA assessments of the same trial data, a fatal high-dose AAV hyperinflammatory event, and single-arm registrational gene-therapy programmes reported largely outside peer review - and concludes that the demonstrated outcome to date is gain or re-acquisition of developmental milestones, not reversal of established disease.', attributes={'Label': 'WHAT IS NEW', 'NlmCategory': 'BACKGROUND'})]",de-novo-protein-design,0,145.78770491803277,32.5,3
42794498,Next-Generation GLP-1 Agonist Bioassays: Integrating Precision with Biological Relevance.,Christine Graf; Julia Reuter; Sabrina Rüggeberg; Sebastian Mohr; Julia Petri; Sylvie Gelinas; Birgit Niederhaus; Ulrich Werner; Nina Strebe; Zeina El Zein; Dirk Usener,International journal of molecular sciences,2000-01-01T00:00:00,10.3390/ijms27188068,"[""Glucagon-Like Peptide-1 (GLP-1) is an incretin family peptide hormone with significant therapeutic applications. This study evaluated multiple functional methodologies for assessing GLP-1 agonist biological activity, encompassing in vitro cell-based bioassays and in vivo systems. We developed and comparatively analyzed cell-based bioassays measuring distinct cellular signaling events, such as β-arrestin recruitment, cyclic adenosine monophosphate (cAMP) elevation, and calcium (Ca<sup>2+</sup>) mobilization. Each assay was systematically evaluated for robustness and quality control applicability. All assay systems demonstrated functionality independent of the cellular mechanism employed. Real-time Ca<sup>2+</sup> flux measurements confirmed the cell-based assay endpoint data, while cross-verification analyses using the oral glucose tolerance test in mice confirmed the representativeness of the cAMP formats. Initial validation studies revealed inter-assay variations, leading to the selection of the cAMP HTRF assay as the preferred quality control methodology. Further assay refinement and subsequent validation studies confirmed the cAMP HTRF assay's suitability for quality control applications. This methodology has been successfully implemented in routine release testing of a commercially available GLP-1 agonist.""]",cyclic-peptide,0,140.40405405405406,35.0,1
42794462,Ribitoborate Synergism with Histone Deacetylase Inhibitor Romidepsin as a Potential Treatment for Breast Cancer.,Ravi Doddapaneni; Jason D Tucker; Jian Zhang; Pei J Lu; Qi L Lu,International journal of molecular sciences,2000-01-01T00:00:00,10.3390/ijms27188033,"['Triple-negative breast cancer (TNBC) is a subtype associated with poor prognosis and low survival rates, largely due to limited treatment options. In recent years, histone deacetylase (HDAC) inhibitors have emerged as promising anti-cancer candidates due to their attractive epigenetic properties and distinct mechanisms of action but have shown limited success in solid tumors. Here, we explore ribitoborate along with HDAC inhibitors for potential use as a treatment for TNBC. Experiments were performed on the TNBC cell line MDA-MB-231. The results of the study revealed that ribitoborate and romidepsin showed synergistic responses leading to significant arrest of cell proliferation (80%) (<i>p</i> < 0.01) as well as migration inhibition. These effects were associated with downregulation of c-Myc, survivin, Bcl-2, and cyclin D1, as well as upregulation of p53 and p21 proteins; notably the changes were significantly greater with the combined treatment than with either ribitoborate or romidepsin alone. Romidepsin and ribitoborate combined treatment time-dependently increased cell death of MDA-MB-231 cells with greater efficiency than romidepsin alone. Cell death by apoptosis was supported by the upregulation of H3k9 and H3k27 acetylation with decreasing proliferation. These results suggest the great potential of the drug combination for treatment of TNBC. The underlying molecular mechanisms for synergy could be further explored for potential development of new combined therapy for breast cancer.']",cyclic-peptide,0,140.40405405405406,32.0,2
42798229,Structure-Activity Relationships and Rational Engineering of Plant Defense and Toxic Peptides.,Uyen N P Nguyen; Yen N D Pham; Hoang Vu Dinh; Dang Ngoc Quang; Tran Dinh Thang; Tran Dai Lam; Tien T Dang,Journal of peptide science : an official publication of the European Peptide Society,2000-01-01T00:00:00,10.1002/psc.70132,"['Plant-derived peptides represent a rich source of structurally diverse and biologically potent scaffolds, characterized by high stability and a wide range of mechanisms of action. This review examines the structure-activity relationships (SAR) of these peptides, focusing on how key structural features-including disulfide connectivity, loop architecture, charge distribution, and backbone cyclization-govern their biological activity, selectivity, and toxicity. Representative peptide families such as cyclotides, defensins, thionins, and snakins are discussed to highlight conserved structural motifs alongside variable regions that contribute to functional diversity. We further explore rational design and engineering strategies, including loop grafting, cyclization, charge modulation, and backbone stabilization, supported by selected case studies demonstrating improved pharmacological profiles, membrane interactions, and target specificity. Building on these insights, we propose a design-oriented framework that integrates SAR-guided peptide engineering with experimental toxicology and pharmacological evaluation to facilitate the development of plant-derived peptides as therapeutic leads and molecular tools. This peptide-centric perspective aims to complement existing studies on plant bioactive peptides and to advance the rational design of next-generation peptide-based therapeutics.']",cyclic-peptide,0,25.0,31.859417805086974,3
42823209,Toward adaptive cyborg tissues.,Qiang Li; Jeantine Lunshof; Jia Liu,Trends in biotechnology,2000-01-01T00:00:00,10.1016/j.tibtech.2026.09.009,"['Organoids and engineered tissues have emerged as powerful models of human biology, yet their development and function are often characterized through endpoint measurements that provide only static snapshots of dynamic biological processes. Recent advances in stretchable mesh electronics, developmental biointegration, and organoid engineering have enabled the creation of cyborg tissues with embedded sensing, stimulation, and computational capabilities. This review highlights recent progress in developmental bioelectronic integration, multifunctional tissue mapping, biological state reconstruction, and artificial intelligence (AI)-enabled cyborg systems. We discuss how embedded bioelectronics can be combined with molecular and spatial profiling technologies to characterize tissue function, developmental trajectories, and biological states. These advances establish cyborg tissues as biologically integrated platforms for regenerative medicine, disease modeling, drug discovery, and adaptive biotechnology.']",ai-drug-discovery,0,61.06279069767442,35.0,1
42814179,A molecular modeling and machine learning-based approach for the identification of potential human ALOX15 inhibitors.,Sonam Grewal; Biswayan Ghosh; Roy Karnati; Tanneru Hemanth Kumar; Polamarasetty Aparoy,Journal of molecular modeling,2000-01-01T00:00:00,10.1007/s00894-026-06968-1,"[StringElement('Arachidonate 15-lipoxygenase (ALOX15) metabolises polyunsaturated fatty acids into lipid mediators that regulate inflammation. Depending on the cell type and substrate, ALOX15 influences both pro-inflammatory and pro-resolving pathways. Its dysregulation is associated with asthma, atherosclerosis, neurodegeneration, ferroptosis, inflammation, oxidative stress and disrupted lipid homeostasis. Therefore, targeting ALOX15 offers a promising strategy for modulating pathological lipid oxidation.', attributes={'Label': 'CONTEXT', 'NlmCategory': 'BACKGROUND'}), StringElement('In this study, a hybrid ligand-based and structure-based machine learning (ML) framework was developed that combines physicochemical and 3D ligand features with interacting features (including SIFts) derived from protein-ligand interactions for the discovery of putative ALOX15 inhibitors. To identify potent human ALOX15 inhibitors, predictive machine learning (ML) models were developed, a dataset was obtained from BindingDB and multiple molecular representations (1-D, 2-D, 3-D descriptors, fingerprints and post-docking features) were computed. Two classes of ML models, Type A and Type B, were developed using 8 regression algorithms. The best Type A model, XGBoost, achieved training R<sup>2</sup> of 0.915 (RMSE\u2009=\u20090.299; MAE\u2009=\u20090.224) and test R<sup>2</sup> of 0.688 (RMSE\u2009=\u20090.581; MAE\u2009=\u20090.456), whereas the best Type B model, Random Forest, attained training R<sup>2</sup> of 0.938 (RMSE\u2009=\u20090.254; MAE\u2009=\u20090.195) and test R<sup>2</sup> of 0.659 (RMSE\u2009=\u20090.607; MAE\u2009=\u20090.473). Over 5 million compounds from various databases were screened, and five compounds were identified. ADME predictions and molecular dynamics simulations suggest favourable pharmacokinetic properties and stable binding within the active site of human ALOX15. These compounds are proposed as putative inhibitors and require further experimental validation.', attributes={'Label': 'METHOD', 'NlmCategory': 'METHODS'})]",ai-drug-discovery,0,135.01,32.75,2
42811363,Uncovering pan-cancer signatures of chemoresistance.,Mohammed Inayatullah; Engin Demirdizen; Zachery Keepers; Catarina Mendes Correia; Seyyed Morteza Hashemi; Kaushlendra Tripathi; Souren Sadhukhan; Ishita Bardhan; Arun Mahesh; Feyruz V Rassool; Mikkel Green Terp; Hem D Shukla; Vijay K Tiwari,Genome medicine,2000-01-01T00:00:00,10.1186/s13073-026-01763-2,"[StringElement('Chemotherapy resistance remains a formidable challenge in cancer treatment, driving high mortality rates worldwide. Despite significant advancements, it remains unclear whether conserved molecular programs underpin therapy resistance across cancer types.', attributes={'Label': 'BACKGROUND', 'NlmCategory': 'BACKGROUND'}), StringElement('Here, we integrate single-cell RNA sequencing, spatial transcriptomics, regulatory network modeling, transcription factor binding data, and pharmacologic perturbation across multiple cancer types to define a conserved, proliferative chemoresistant tumor state.', attributes={'Label': 'METHODS', 'NlmCategory': 'METHODS'}), StringElement('Contrary to the prevailing notion that resistance arises from quiescent or EMT-like phenotypes, we find that resistant tumor cells display elevated G2/M and S-phase activity, enriched expression of E2F and MYC target genes, and activation of DNA repair and PI3K/AKT signaling pathways. We identify the transcription factor MYC as a central regulator of the resistant state, with progressive activation along the resistance trajectory and focal expression in resistant epithelial niches. A novel MYC target, SRM (Spermidine Synthase), emerges as a conserved effector of resistance, promoting polyamine biosynthesis critical for chromatin stability and metabolic resilience. SRM expression correlates with MYC binding and predicts poor patient survival. Functional validation in cell lines, patient-derived organoids and mouse models demonstrate that pharmacologic inhibition of MYC, SRM, or WNT signalling restores chemotherapy sensitivity, suppresses resistance-associated pathways, and reactivates apoptosis. Spatial and survival analyses confirm the clinical relevance of the MYC-SRM axis, establishing it as a druggable module in treatment-refractory cancers.', attributes={'Label': 'RESULTS', 'NlmCategory': 'RESULTS'}), StringElement('To our knowledge, this is the first comprehensive study that redefines chemoresistance as a proliferative, MYC-driven state and uncover SRM as a tractable vulnerability, offering new avenues for therapeutic intervention across diverse epithelial malignancies.', attributes={'Label': 'CONCLUSIONS', 'NlmCategory': 'CONCLUSIONS'})]",ai-drug-discovery,0,75.57333333333334,32.75,3
42716354,Deep generative models in biological sequence and structure analysis and design.,Fahimeh Palizban; Mohammadmahdi Sarbishegi; Huiqi Qu; Amir Hossein Saeidian; Mahya Mehrmohamadi; Joseph Glessner; Hakon Hakonarson,Biotechnology advances,2000-01-01T00:00:00,10.1016/j.biotechadv.2026.109039,"['Deep generative models have transformed biological sequence modeling from predictive analysis toward increasingly controllable design. Early biological applications of Variational Autoencoders (VAEs) and Generative Adversarial Networks (GANs) established latent representation learning and sequence synthesis, while recent advances in transformer-based language models, discrete diffusion, flow-matching, and multimodal generative frameworks have substantially expanded the scope of biological design. This review examines generative models for DNA, RNA, and protein sequence design, emphasizing how different model classes represent biological constraints, operate over discrete and continuous spaces, and integrate sequence, structure, and function. We compare VAEs, GANs, autoregressive and masked language models, diffusion models, and flow-based approaches across genomics, transcriptomics, and proteomics, with particular attention to controllability, long-range dependency modeling, structural grounding, generalization, and experimental utility. We further examine evaluation strategies, out-of-distribution generalization, and closed-loop design-build-test-learn workflows that connect in silico generation with empirical validation. We distinguish fundamental modality-dependent constraints including sequence discreteness, context length, structural coupling, and physical or thermodynamic requirements from architecture-dependent advantages that reflect the current state of the field. Current studies suggest that long-context models are particularly useful for genome-scale representation and sequence modeling, whereas structure-aware diffusion, flow-based, and inverse-folding approaches provide better frameworks for geometry-constrained RNA and protein design. This perspective provides a critical framework for understanding the present capabilities, limitations, and convergence of generative approaches toward reliable and experimentally grounded biological design.']",de-novo-protein-design,0,55.209523809523816,35.833333333333336,1
42642514,Predictive design of tissue-specific mammalian enhancers that function in the mouse embryo.,Shenzhi Chen; Vincent Loubiere; Ethan W Hollingsworth; Ken Murakami; Nikolaus Mandlburger; Sandra H Jacinto; Atrin Dizehchi; Jacob Schreiber; Evgeny Z Kvon; Alexander Stark,Nature genetics,2000-01-01T00:00:00,10.1038/s41588-026-02729-1,"['Enhancers control tissue-specific gene expression across animals<sup>1</sup>. Although deep learning<sup>2,3</sup> has enabled enhancer prediction and design in mammalian cell lines and non-mammalian model organisms<sup>4-10</sup> (reviewed in a previous publication<sup>11</sup>), it remains unclear whether such approaches can operate within the regulatory complexity of mammalian genomes and tissues in vivo. Here we present a general strategy for designing tissue-specific enhancers that function reliably in mice. We use deep learning to train compact convolutional neural networks on curated chromatin accessibility data and fine-tune them by transfer learning on validated human and mouse enhancers. Guided by these models, we design 15 synthetic enhancers for the heart, limb and central nervous system in mouse embryos, all of which are active in their intended target tissue. These results demonstrate that mammalian enhancer function can be reliably inferred from DNA sequence alone, enabling the predictive de novo design of tissue-specific synthetic enhancers from modest training sets. This work establishes a generalizable framework for programmable control of mammalian gene expression in vivo, opening new avenues in functional genomics, synthetic biology and gene therapy.']",de-novo-protein-design,0,41.3,34.4062211151664,2
42720792,"Rett syndrome: MECP2 biology, multisystem pathophysiology, and the evolving therapeutic landscape.",S T Gopukumar; Madhumita Saha; Sahil Bhardwaj; Kesavaperumal Gopalakrishnan; Eid Semer Alatwi; Rasha Alonaizan; Huda A Alqahtani; Tanveen Kaur Soni; Samer Shamshad; Uddalak Das,European journal of pediatrics,2000-01-01T00:00:00,10.1007/s00431-026-07377-5,"[StringElement('Rett syndrome (RTT) is an X-linked neurodevelopmental disorder arising predominantly from de novo loss-of-function mutations in MECP2, affecting approximately 1 in 10,000 live female births. MECP2 is a dosage-sensitive epigenetic regulator acting through its methyl-CpG-binding (MBD) and transcriptional-repression (TRD) domains; isoform-specific expression and X-chromosome-inactivation mosaicism drive the wide phenotypic variability, with mutation type broadly correlating with severity. Although historically viewed as neuron-centric, RTT is a multisystem disorder: beyond psychomotor regression, stereotypic hand movements, gait apraxia, and loss of spoken language, MECP2 deficiency contributes to brainstem-mediated breathing dysrhythmia, QTc prolongation, enteric dysmotility, low bone density, and mitochondrial/metabolic deficits, amplified by glial-neuronal crosstalk. Preclinical models, MECP2 rodents, patient iPSC-derived neurons, and cerebral organoids, reveal synaptic and dendritic deficits that improve substantially when MECP2 is reactivated in these systems, indicating that MECP2-deficient neurons remain viable rather than degenerating; whether comparable improvement can be achieved in affected individuals is not yet established. The therapeutic landscape now spans multidisciplinary supportive care, the first approved pharmacotherapy trofinetide, AAV-mediated MECP2 gene replacement (now in pivotal trials, with an important gene-therapy safety signal), antisense oligonucleotides for dosage normalisation, and emerging metabolic agents; validated biomarkers and objective outcome measures remain a major unmet need.', attributes={'Label': 'UNLABELLED'}), StringElement('RTT is a multisystem monogenic disorder whose management is shifting from symptom control toward disease modification. Phenotypic rescue after MECP2 restoration in rodent models provides the rationale for this shift but does not establish that RTT is reversible in patients; progress now depends on validated biomarkers, dose-controlled disease-modifying therapies, long-term outcome data, and equitable global access.', attributes={'Label': 'CONCLUSION', 'NlmCategory': 'CONCLUSIONS'}), StringElement('• More than 90-95% of classic Rett syndrome is caused by de novo loss-of-function mutations in MECP2, a dosage-sensitive epigenetic reader whose isoform distribution, residual function and X-chromosome-inactivation mosaicism together account for much of the phenotypic variability. • Reactivating MECP2 in symptomatic adult rodents substantially improves many disease features, establishing that MECP2-deficient neurons are functionally impaired rather than lost and providing the rationale for disease-modifying therapy.', attributes={'Label': 'WHAT IS KNOWN', 'NlmCategory': 'BACKGROUND'}), StringElement('•\xa0This review integrates isoform-specific and non-neuronal (glial, respiratory, cardiac, gastrointestinal, skeletal and metabolic) mechanisms with a literature base updated to 15 August 2026, and identifies the continuing absence of any validated biomarker or surrogate endpoint, rather than target identification, as the principal obstacle to efficient trials. •\xa0It critically appraises the post-trofinetide landscape - divergent FDA and EMA assessments of the same trial data, a fatal high-dose AAV hyperinflammatory event, and single-arm registrational gene-therapy programmes reported largely outside peer review - and concludes that the demonstrated outcome to date is gain or re-acquisition of developmental milestones, not reversal of established disease.', attributes={'Label': 'WHAT IS NEW', 'NlmCategory': 'BACKGROUND'})]",de-novo-protein-design,0,145.78770491803277,32.5,3
42798229,Structure-Activity Relationships and Rational Engineering of Plant Defense and Toxic Peptides.,Uyen N P Nguyen; Yen N D Pham; Hoang Vu Dinh; Dang Ngoc Quang; Tran Dinh Thang; Tran Dai Lam; Tien T Dang,Journal of peptide science : an official publication of the European Peptide Society,2000-01-01T00:00:00,10.1002/psc.70132,"['Plant-derived peptides represent a rich source of structurally diverse and biologically potent scaffolds, characterized by high stability and a wide range of mechanisms of action. This review examines the structure-activity relationships (SAR) of these peptides, focusing on how key structural features-including disulfide connectivity, loop architecture, charge distribution, and backbone cyclization-govern their biological activity, selectivity, and toxicity. Representative peptide families such as cyclotides, defensins, thionins, and snakins are discussed to highlight conserved structural motifs alongside variable regions that contribute to functional diversity. We further explore rational design and engineering strategies, including loop grafting, cyclization, charge modulation, and backbone stabilization, supported by selected case studies demonstrating improved pharmacological profiles, membrane interactions, and target specificity. Building on these insights, we propose a design-oriented framework that integrates SAR-guided peptide engineering with experimental toxicology and pharmacological evaluation to facilitate the development of plant-derived peptides as therapeutic leads and molecular tools. This peptide-centric perspective aims to complement existing studies on plant bioactive peptides and to advance the rational design of next-generation peptide-based therapeutics.']",cyclic-peptide,0,25.0,31.859417805086974,1
42823430,Macrocyclization of native peptides through (thio)urea crosslinking of two amines.,Jinyao Liu; Peiru Chen; Meilin Tang; Qiuyu Chen; Yixin Liao; Yu Liu; Shafi Ullah; Jinwu Zhao; Yubo Long; Gong Chen; Wenfang Xiong,Nature communications,2000-01-01T00:00:00,10.1038/s41467-026-77301-w,"[""Cyclopeptides have emerged as promising candidates for drug\xa0development. However, owing to the scarcity of efficient cyclization strategies for natural peptides, the development of diverse cyclopeptides remains a formidable challenge. In this study, a variety of macrocyclic peptides featuring (thio)urea bridges are developed through the site-selective lysine‑lysine crosslinking of native peptides, employing N, N'-carbonyldiimidazole or N, N'-thiocarbonyldiimidazole as \xa0bridging reagents. In particular, dual thiourea-bridged macrocyclic peptides are further synthesized by using a one-pot two-step multicomponent macrocyclization. These strategies enable the chemoselective macrocyclization of peptides bearing diverse nucleophilic residues to afford (thio)urea-bridged macrocyclic analogs, as exemplified by the successful transformation of the targeted peptide RGD (Arg-Gly-Asp) and the antimicrobial peptide Anoplin\xa0analogue. Biological evaluation demonstrates that the cyclopeptides, particularly the thiourea- and bis-thiourea-bridged analogs, exhibit enhanced target binding affinity, potent antitumor activity, as well as improved membrane permeability and stability. Molecular docking elucidates the structural origin of the enhanced bioactivity, suggesting that the reinforced molecular interactions might be a potential underlying cause.""]",cyclic-peptide,0,17.7,30.844761421920385,2
42821672,Phage proteases activate CBASS antiphage immunity.,Samuel J Hobbs; Philip J Kranzusch,"Science (New York, N.Y.)",2000-01-01T00:00:00,10.1126/science.aeg3949,"['Cyclic oligonucleotide-based antiphage signaling systems (CBASS) are bacterial immune pathways evolutionarily related to cGAS-STING (cyclic GMP-AMP synthase-stimulator of interferon genes) in humans. In CBASS, cGAS/DncV-like nucleotidyltransferase (CD-NTase) enzymes sense phage infection and synthesize nucleotide signals to initiate antiviral defense. Here, we reveal phage prohead protease activity as a widespread mechanism of CD-NTase activation. We reconstitute CBASS recognition of phage T4 in vitro and identify proteolytic cleavage of a CD-NTase activation loop as a trigger of immune signal synthesis. Phage prohead proteases directly activate CBASS in vivo, explaining how immunity is initiated late during infection. Structure-based phylogenetic analyses identify activation loops in clade A, D, and G CD-NTases and define residues controlling recognition of distinct phage families. Our results establish CBASS recognition of phage protease activity as a widespread antiviral defense mechanism.']",cyclic-peptide,0,25.0,28.359417805086974,3
42823209,Toward adaptive cyborg tissues.,Qiang Li; Jeantine Lunshof; Jia Liu,Trends in biotechnology,2000-01-01T00:00:00,10.1016/j.tibtech.2026.09.009,"['Organoids and engineered tissues have emerged as powerful models of human biology, yet their development and function are often characterized through endpoint measurements that provide only static snapshots of dynamic biological processes. Recent advances in stretchable mesh electronics, developmental biointegration, and organoid engineering have enabled the creation of cyborg tissues with embedded sensing, stimulation, and computational capabilities. This review highlights recent progress in developmental bioelectronic integration, multifunctional tissue mapping, biological state reconstruction, and artificial intelligence (AI)-enabled cyborg systems. We discuss how embedded bioelectronics can be combined with molecular and spatial profiling technologies to characterize tissue function, developmental trajectories, and biological states. These advances establish cyborg tissues as biologically integrated platforms for regenerative medicine, disease modeling, drug discovery, and adaptive biotechnology.']",ai-drug-discovery,0,61.06279069767442,35.0,1
42814179,A molecular modeling and machine learning-based approach for the identification of potential human ALOX15 inhibitors.,Sonam Grewal; Biswayan Ghosh; Roy Karnati; Tanneru Hemanth Kumar; Polamarasetty Aparoy,Journal of molecular modeling,2000-01-01T00:00:00,10.1007/s00894-026-06968-1,"[StringElement('Arachidonate 15-lipoxygenase (ALOX15) metabolises polyunsaturated fatty acids into lipid mediators that regulate inflammation. Depending on the cell type and substrate, ALOX15 influences both pro-inflammatory and pro-resolving pathways. Its dysregulation is associated with asthma, atherosclerosis, neurodegeneration, ferroptosis, inflammation, oxidative stress and disrupted lipid homeostasis. Therefore, targeting ALOX15 offers a promising strategy for modulating pathological lipid oxidation.', attributes={'Label': 'CONTEXT', 'NlmCategory': 'BACKGROUND'}), StringElement('In this study, a hybrid ligand-based and structure-based machine learning (ML) framework was developed that combines physicochemical and 3D ligand features with interacting features (including SIFts) derived from protein-ligand interactions for the discovery of putative ALOX15 inhibitors. To identify potent human ALOX15 inhibitors, predictive machine learning (ML) models were developed, a dataset was obtained from BindingDB and multiple molecular representations (1-D, 2-D, 3-D descriptors, fingerprints and post-docking features) were computed. Two classes of ML models, Type A and Type B, were developed using 8 regression algorithms. The best Type A model, XGBoost, achieved training R<sup>2</sup> of 0.915 (RMSE\u2009=\u20090.299; MAE\u2009=\u20090.224) and test R<sup>2</sup> of 0.688 (RMSE\u2009=\u20090.581; MAE\u2009=\u20090.456), whereas the best Type B model, Random Forest, attained training R<sup>2</sup> of 0.938 (RMSE\u2009=\u20090.254; MAE\u2009=\u20090.195) and test R<sup>2</sup> of 0.659 (RMSE\u2009=\u20090.607; MAE\u2009=\u20090.473). Over 5 million compounds from various databases were screened, and five compounds were identified. ADME predictions and molecular dynamics simulations suggest favourable pharmacokinetic properties and stable binding within the active site of human ALOX15. These compounds are proposed as putative inhibitors and require further experimental validation.', attributes={'Label': 'METHOD', 'NlmCategory': 'METHODS'})]",ai-drug-discovery,0,135.01,32.75,2
42811363,Uncovering pan-cancer signatures of chemoresistance.,Mohammed Inayatullah; Engin Demirdizen; Zachery Keepers; Catarina Mendes Correia; Seyyed Morteza Hashemi; Kaushlendra Tripathi; Souren Sadhukhan; Ishita Bardhan; Arun Mahesh; Feyruz V Rassool; Mikkel Green Terp; Hem D Shukla; Vijay K Tiwari,Genome medicine,2000-01-01T00:00:00,10.1186/s13073-026-01763-2,"[StringElement('Chemotherapy resistance remains a formidable challenge in cancer treatment, driving high mortality rates worldwide. Despite significant advancements, it remains unclear whether conserved molecular programs underpin therapy resistance across cancer types.', attributes={'Label': 'BACKGROUND', 'NlmCategory': 'BACKGROUND'}), StringElement('Here, we integrate single-cell RNA sequencing, spatial transcriptomics, regulatory network modeling, transcription factor binding data, and pharmacologic perturbation across multiple cancer types to define a conserved, proliferative chemoresistant tumor state.', attributes={'Label': 'METHODS', 'NlmCategory': 'METHODS'}), StringElement('Contrary to the prevailing notion that resistance arises from quiescent or EMT-like phenotypes, we find that resistant tumor cells display elevated G2/M and S-phase activity, enriched expression of E2F and MYC target genes, and activation of DNA repair and PI3K/AKT signaling pathways. We identify the transcription factor MYC as a central regulator of the resistant state, with progressive activation along the resistance trajectory and focal expression in resistant epithelial niches. A novel MYC target, SRM (Spermidine Synthase), emerges as a conserved effector of resistance, promoting polyamine biosynthesis critical for chromatin stability and metabolic resilience. SRM expression correlates with MYC binding and predicts poor patient survival. Functional validation in cell lines, patient-derived organoids and mouse models demonstrate that pharmacologic inhibition of MYC, SRM, or WNT signalling restores chemotherapy sensitivity, suppresses resistance-associated pathways, and reactivates apoptosis. Spatial and survival analyses confirm the clinical relevance of the MYC-SRM axis, establishing it as a druggable module in treatment-refractory cancers.', attributes={'Label': 'RESULTS', 'NlmCategory': 'RESULTS'}), StringElement('To our knowledge, this is the first comprehensive study that redefines chemoresistance as a proliferative, MYC-driven state and uncover SRM as a tractable vulnerability, offering new avenues for therapeutic intervention across diverse epithelial malignancies.', attributes={'Label': 'CONCLUSIONS', 'NlmCategory': 'CONCLUSIONS'})]",ai-drug-discovery,0,75.57333333333334,32.75,3
42716354,Deep generative models in biological sequence and structure analysis and design.,Fahimeh Palizban; Mohammadmahdi Sarbishegi; Huiqi Qu; Amir Hossein Saeidian; Mahya Mehrmohamadi; Joseph Glessner; Hakon Hakonarson,Biotechnology advances,2000-01-01T00:00:00,10.1016/j.biotechadv.2026.109039,"['Deep generative models have transformed biological sequence modeling from predictive analysis toward increasingly controllable design. Early biological applications of Variational Autoencoders (VAEs) and Generative Adversarial Networks (GANs) established latent representation learning and sequence synthesis, while recent advances in transformer-based language models, discrete diffusion, flow-matching, and multimodal generative frameworks have substantially expanded the scope of biological design. This review examines generative models for DNA, RNA, and protein sequence design, emphasizing how different model classes represent biological constraints, operate over discrete and continuous spaces, and integrate sequence, structure, and function. We compare VAEs, GANs, autoregressive and masked language models, diffusion models, and flow-based approaches across genomics, transcriptomics, and proteomics, with particular attention to controllability, long-range dependency modeling, structural grounding, generalization, and experimental utility. We further examine evaluation strategies, out-of-distribution generalization, and closed-loop design-build-test-learn workflows that connect in silico generation with empirical validation. We distinguish fundamental modality-dependent constraints including sequence discreteness, context length, structural coupling, and physical or thermodynamic requirements from architecture-dependent advantages that reflect the current state of the field. Current studies suggest that long-context models are particularly useful for genome-scale representation and sequence modeling, whereas structure-aware diffusion, flow-based, and inverse-folding approaches provide better frameworks for geometry-constrained RNA and protein design. This perspective provides a critical framework for understanding the present capabilities, limitations, and convergence of generative approaches toward reliable and experimentally grounded biological design.']",de-novo-protein-design,0,55.209523809523816,35.833333333333336,1
42642514,Predictive design of tissue-specific mammalian enhancers that function in the mouse embryo.,Shenzhi Chen; Vincent Loubiere; Ethan W Hollingsworth; Ken Murakami; Nikolaus Mandlburger; Sandra H Jacinto; Atrin Dizehchi; Jacob Schreiber; Evgeny Z Kvon; Alexander Stark,Nature genetics,2000-01-01T00:00:00,10.1038/s41588-026-02729-1,"['Enhancers control tissue-specific gene expression across animals<sup>1</sup>. Although deep learning<sup>2,3</sup> has enabled enhancer prediction and design in mammalian cell lines and non-mammalian model organisms<sup>4-10</sup> (reviewed in a previous publication<sup>11</sup>), it remains unclear whether such approaches can operate within the regulatory complexity of mammalian genomes and tissues in vivo. Here we present a general strategy for designing tissue-specific enhancers that function reliably in mice. We use deep learning to train compact convolutional neural networks on curated chromatin accessibility data and fine-tune them by transfer learning on validated human and mouse enhancers. Guided by these models, we design 15 synthetic enhancers for the heart, limb and central nervous system in mouse embryos, all of which are active in their intended target tissue. These results demonstrate that mammalian enhancer function can be reliably inferred from DNA sequence alone, enabling the predictive de novo design of tissue-specific synthetic enhancers from modest training sets. This work establishes a generalizable framework for programmable control of mammalian gene expression in vivo, opening new avenues in functional genomics, synthetic biology and gene therapy.']",de-novo-protein-design,0,41.3,34.4062211151664,2
42720792,"Rett syndrome: MECP2 biology, multisystem pathophysiology, and the evolving therapeutic landscape.",S T Gopukumar; Madhumita Saha; Sahil Bhardwaj; Kesavaperumal Gopalakrishnan; Eid Semer Alatwi; Rasha Alonaizan; Huda A Alqahtani; Tanveen Kaur Soni; Samer Shamshad; Uddalak Das,European journal of pediatrics,2000-01-01T00:00:00,10.1007/s00431-026-07377-5,"[StringElement('Rett syndrome (RTT) is an X-linked neurodevelopmental disorder arising predominantly from de novo loss-of-function mutations in MECP2, affecting approximately 1 in 10,000 live female births. MECP2 is a dosage-sensitive epigenetic regulator acting through its methyl-CpG-binding (MBD) and transcriptional-repression (TRD) domains; isoform-specific expression and X-chromosome-inactivation mosaicism drive the wide phenotypic variability, with mutation type broadly correlating with severity. Although historically viewed as neuron-centric, RTT is a multisystem disorder: beyond psychomotor regression, stereotypic hand movements, gait apraxia, and loss of spoken language, MECP2 deficiency contributes to brainstem-mediated breathing dysrhythmia, QTc prolongation, enteric dysmotility, low bone density, and mitochondrial/metabolic deficits, amplified by glial-neuronal crosstalk. Preclinical models, MECP2 rodents, patient iPSC-derived neurons, and cerebral organoids, reveal synaptic and dendritic deficits that improve substantially when MECP2 is reactivated in these systems, indicating that MECP2-deficient neurons remain viable rather than degenerating; whether comparable improvement can be achieved in affected individuals is not yet established. The therapeutic landscape now spans multidisciplinary supportive care, the first approved pharmacotherapy trofinetide, AAV-mediated MECP2 gene replacement (now in pivotal trials, with an important gene-therapy safety signal), antisense oligonucleotides for dosage normalisation, and emerging metabolic agents; validated biomarkers and objective outcome measures remain a major unmet need.', attributes={'Label': 'UNLABELLED'}), StringElement('RTT is a multisystem monogenic disorder whose management is shifting from symptom control toward disease modification. Phenotypic rescue after MECP2 restoration in rodent models provides the rationale for this shift but does not establish that RTT is reversible in patients; progress now depends on validated biomarkers, dose-controlled disease-modifying therapies, long-term outcome data, and equitable global access.', attributes={'Label': 'CONCLUSION', 'NlmCategory': 'CONCLUSIONS'}), StringElement('• More than 90-95% of classic Rett syndrome is caused by de novo loss-of-function mutations in MECP2, a dosage-sensitive epigenetic reader whose isoform distribution, residual function and X-chromosome-inactivation mosaicism together account for much of the phenotypic variability. • Reactivating MECP2 in symptomatic adult rodents substantially improves many disease features, establishing that MECP2-deficient neurons are functionally impaired rather than lost and providing the rationale for disease-modifying therapy.', attributes={'Label': 'WHAT IS KNOWN', 'NlmCategory': 'BACKGROUND'}), StringElement('•\xa0This review integrates isoform-specific and non-neuronal (glial, respiratory, cardiac, gastrointestinal, skeletal and metabolic) mechanisms with a literature base updated to 15 August 2026, and identifies the continuing absence of any validated biomarker or surrogate endpoint, rather than target identification, as the principal obstacle to efficient trials. •\xa0It critically appraises the post-trofinetide landscape - divergent FDA and EMA assessments of the same trial data, a fatal high-dose AAV hyperinflammatory event, and single-arm registrational gene-therapy programmes reported largely outside peer review - and concludes that the demonstrated outcome to date is gain or re-acquisition of developmental milestones, not reversal of established disease.', attributes={'Label': 'WHAT IS NEW', 'NlmCategory': 'BACKGROUND'})]",de-novo-protein-design,0,145.78770491803277,32.5,3
42823430,Macrocyclization of native peptides through (thio)urea crosslinking of two amines.,Jinyao Liu; Peiru Chen; Meilin Tang; Qiuyu Chen; Yixin Liao; Yu Liu; Shafi Ullah; Jinwu Zhao; Yubo Long; Gong Chen; Wenfang Xiong,Nature communications,2000-01-01T00:00:00,10.1038/s41467-026-77301-w,"[""Cyclopeptides have emerged as promising candidates for drug\xa0development. However, owing to the scarcity of efficient cyclization strategies for natural peptides, the development of diverse cyclopeptides remains a formidable challenge. In this study, a variety of macrocyclic peptides featuring (thio)urea bridges are developed through the site-selective lysine‑lysine crosslinking of native peptides, employing N, N'-carbonyldiimidazole or N, N'-thiocarbonyldiimidazole as \xa0bridging reagents. In particular, dual thiourea-bridged macrocyclic peptides are further synthesized by using a one-pot two-step multicomponent macrocyclization. These strategies enable the chemoselective macrocyclization of peptides bearing diverse nucleophilic residues to afford (thio)urea-bridged macrocyclic analogs, as exemplified by the successful transformation of the targeted peptide RGD (Arg-Gly-Asp) and the antimicrobial peptide Anoplin\xa0analogue. Biological evaluation demonstrates that the cyclopeptides, particularly the thiourea- and bis-thiourea-bridged analogs, exhibit enhanced target binding affinity, potent antitumor activity, as well as improved membrane permeability and stability. Molecular docking elucidates the structural origin of the enhanced bioactivity, suggesting that the reinforced molecular interactions might be a potential underlying cause.""]",cyclic-peptide,0,17.7,30.844761421920385,1
42821672,Phage proteases activate CBASS antiphage immunity.,Samuel J Hobbs; Philip J Kranzusch,"Science (New York, N.Y.)",2000-01-01T00:00:00,10.1126/science.aeg3949,"['Cyclic oligonucleotide-based antiphage signaling systems (CBASS) are bacterial immune pathways evolutionarily related to cGAS-STING (cyclic GMP-AMP synthase-stimulator of interferon genes) in humans. In CBASS, cGAS/DncV-like nucleotidyltransferase (CD-NTase) enzymes sense phage infection and synthesize nucleotide signals to initiate antiviral defense. Here, we reveal phage prohead protease activity as a widespread mechanism of CD-NTase activation. We reconstitute CBASS recognition of phage T4 in vitro and identify proteolytic cleavage of a CD-NTase activation loop as a trigger of immune signal synthesis. Phage prohead proteases directly activate CBASS in vivo, explaining how immunity is initiated late during infection. Structure-based phylogenetic analyses identify activation loops in clade A, D, and G CD-NTases and define residues controlling recognition of distinct phage families. Our results establish CBASS recognition of phage protease activity as a widespread antiviral defense mechanism.']",cyclic-peptide,0,25.0,28.359417805086974,2
42803384,"Polymyxin B Attenuates Sepsis-Induced Acute Kidney Injury by Activating a SUMO1-p65 ""Molecular Brake"" in Kidney Organoids.",Qing Wang; Na Xue; Tian Yu; Yanxia Li; Xiyun Bian; Xiaoming Hou; Lin Dou; Qingguo Feng; Xiaozhi Liu,Cell biology international,2000-01-01T00:00:00,10.1002/cbin.70209,"['Sepsis-induced acute kidney injury (SAKI) is a deadly complication in critical care, driven by a devastating inflammatory surge and loss of renal parenchymal integrity. While polymyxin B (PMB) is traditionally utilized as a last-resort antibiotic, emerging evidence suggests it possesses non-canonical immunomodulatory properties that remain mechanistically elusive. This study investigated the intracellular post-translational modification (PTM) pathways through which PMB mitigates renal inflammation. We employed a dual-model approach utilizing 3D mouse kidney organoids and SUMO1<sup>-/-</sup> mouse models to examine the genetic dependency of PMB-mediated renoprotection. Transcriptomic profiling revealed that PMB robustly suppresses NF-κB -driven inflammatory programs in wild-type (WT) organoids, specifically reducing the expression of Cxcl1 and Il6. In contrast, this anti-inflammatory efficacy was abrogated in SUMO1-deficient models, where the pharmacological response shifted toward metabolic pathways, such as cholesterol metabolism. Mechanistically, PMB promotes SUMO1 conjugation to the NF-κB p65 subunit, functioning as a ""molecular brake"" that limits p65 hyperphosphorylation and transcriptional activation. Together, these results identify the SUMO1-p65 axis constitutes a pivotal regulatory checkpoint for PMB-mediated immunomodulation. This study establishes a novel therapeutic paradigm by underscoring the promise of targeting PTM pathways to alleviate septic organ dysfunction.']",cyclic-peptide,0,25.0,26.859417805086974,3
42823209,Toward adaptive cyborg tissues.,Qiang Li; Jeantine Lunshof; Jia Liu,Trends in biotechnology,2000-01-01T00:00:00,10.1016/j.tibtech.2026.09.009,"['Organoids and engineered tissues have emerged as powerful models of human biology, yet their development and function are often characterized through endpoint measurements that provide only static snapshots of dynamic biological processes. Recent advances in stretchable mesh electronics, developmental biointegration, and organoid engineering have enabled the creation of cyborg tissues with embedded sensing, stimulation, and computational capabilities. This review highlights recent progress in developmental bioelectronic integration, multifunctional tissue mapping, biological state reconstruction, and artificial intelligence (AI)-enabled cyborg systems. We discuss how embedded bioelectronics can be combined with molecular and spatial profiling technologies to characterize tissue function, developmental trajectories, and biological states. These advances establish cyborg tissues as biologically integrated platforms for regenerative medicine, disease modeling, drug discovery, and adaptive biotechnology.']",ai-drug-discovery,0,61.06279069767442,35.0,1
42814179,A molecular modeling and machine learning-based approach for the identification of potential human ALOX15 inhibitors.,Sonam Grewal; Biswayan Ghosh; Roy Karnati; Tanneru Hemanth Kumar; Polamarasetty Aparoy,Journal of molecular modeling,2000-01-01T00:00:00,10.1007/s00894-026-06968-1,"[StringElement('Arachidonate 15-lipoxygenase (ALOX15) metabolises polyunsaturated fatty acids into lipid mediators that regulate inflammation. Depending on the cell type and substrate, ALOX15 influences both pro-inflammatory and pro-resolving pathways. Its dysregulation is associated with asthma, atherosclerosis, neurodegeneration, ferroptosis, inflammation, oxidative stress and disrupted lipid homeostasis. Therefore, targeting ALOX15 offers a promising strategy for modulating pathological lipid oxidation.', attributes={'Label': 'CONTEXT', 'NlmCategory': 'BACKGROUND'}), StringElement('In this study, a hybrid ligand-based and structure-based machine learning (ML) framework was developed that combines physicochemical and 3D ligand features with interacting features (including SIFts) derived from protein-ligand interactions for the discovery of putative ALOX15 inhibitors. To identify potent human ALOX15 inhibitors, predictive machine learning (ML) models were developed, a dataset was obtained from BindingDB and multiple molecular representations (1-D, 2-D, 3-D descriptors, fingerprints and post-docking features) were computed. Two classes of ML models, Type A and Type B, were developed using 8 regression algorithms. The best Type A model, XGBoost, achieved training R<sup>2</sup> of 0.915 (RMSE\u2009=\u20090.299; MAE\u2009=\u20090.224) and test R<sup>2</sup> of 0.688 (RMSE\u2009=\u20090.581; MAE\u2009=\u20090.456), whereas the best Type B model, Random Forest, attained training R<sup>2</sup> of 0.938 (RMSE\u2009=\u20090.254; MAE\u2009=\u20090.195) and test R<sup>2</sup> of 0.659 (RMSE\u2009=\u20090.607; MAE\u2009=\u20090.473). Over 5 million compounds from various databases were screened, and five compounds were identified. ADME predictions and molecular dynamics simulations suggest favourable pharmacokinetic properties and stable binding within the active site of human ALOX15. These compounds are proposed as putative inhibitors and require further experimental validation.', attributes={'Label': 'METHOD', 'NlmCategory': 'METHODS'})]",ai-drug-discovery,0,135.01,32.75,2
42811363,Uncovering pan-cancer signatures of chemoresistance.,Mohammed Inayatullah; Engin Demirdizen; Zachery Keepers; Catarina Mendes Correia; Seyyed Morteza Hashemi; Kaushlendra Tripathi; Souren Sadhukhan; Ishita Bardhan; Arun Mahesh; Feyruz V Rassool; Mikkel Green Terp; Hem D Shukla; Vijay K Tiwari,Genome medicine,2000-01-01T00:00:00,10.1186/s13073-026-01763-2,"[StringElement('Chemotherapy resistance remains a formidable challenge in cancer treatment, driving high mortality rates worldwide. Despite significant advancements, it remains unclear whether conserved molecular programs underpin therapy resistance across cancer types.', attributes={'Label': 'BACKGROUND', 'NlmCategory': 'BACKGROUND'}), StringElement('Here, we integrate single-cell RNA sequencing, spatial transcriptomics, regulatory network modeling, transcription factor binding data, and pharmacologic perturbation across multiple cancer types to define a conserved, proliferative chemoresistant tumor state.', attributes={'Label': 'METHODS', 'NlmCategory': 'METHODS'}), StringElement('Contrary to the prevailing notion that resistance arises from quiescent or EMT-like phenotypes, we find that resistant tumor cells display elevated G2/M and S-phase activity, enriched expression of E2F and MYC target genes, and activation of DNA repair and PI3K/AKT signaling pathways. We identify the transcription factor MYC as a central regulator of the resistant state, with progressive activation along the resistance trajectory and focal expression in resistant epithelial niches. A novel MYC target, SRM (Spermidine Synthase), emerges as a conserved effector of resistance, promoting polyamine biosynthesis critical for chromatin stability and metabolic resilience. SRM expression correlates with MYC binding and predicts poor patient survival. Functional validation in cell lines, patient-derived organoids and mouse models demonstrate that pharmacologic inhibition of MYC, SRM, or WNT signalling restores chemotherapy sensitivity, suppresses resistance-associated pathways, and reactivates apoptosis. Spatial and survival analyses confirm the clinical relevance of the MYC-SRM axis, establishing it as a druggable module in treatment-refractory cancers.', attributes={'Label': 'RESULTS', 'NlmCategory': 'RESULTS'}), StringElement('To our knowledge, this is the first comprehensive study that redefines chemoresistance as a proliferative, MYC-driven state and uncover SRM as a tractable vulnerability, offering new avenues for therapeutic intervention across diverse epithelial malignancies.', attributes={'Label': 'CONCLUSIONS', 'NlmCategory': 'CONCLUSIONS'})]",ai-drug-discovery,0,75.57333333333334,32.75,3
42716354,Deep generative models in biological sequence and structure analysis and design.,Fahimeh Palizban; Mohammadmahdi Sarbishegi; Huiqi Qu; Amir Hossein Saeidian; Mahya Mehrmohamadi; Joseph Glessner; Hakon Hakonarson,Biotechnology advances,2000-01-01T00:00:00,10.1016/j.biotechadv.2026.109039,"['Deep generative models have transformed biological sequence modeling from predictive analysis toward increasingly controllable design. Early biological applications of Variational Autoencoders (VAEs) and Generative Adversarial Networks (GANs) established latent representation learning and sequence synthesis, while recent advances in transformer-based language models, discrete diffusion, flow-matching, and multimodal generative frameworks have substantially expanded the scope of biological design. This review examines generative models for DNA, RNA, and protein sequence design, emphasizing how different model classes represent biological constraints, operate over discrete and continuous spaces, and integrate sequence, structure, and function. We compare VAEs, GANs, autoregressive and masked language models, diffusion models, and flow-based approaches across genomics, transcriptomics, and proteomics, with particular attention to controllability, long-range dependency modeling, structural grounding, generalization, and experimental utility. We further examine evaluation strategies, out-of-distribution generalization, and closed-loop design-build-test-learn workflows that connect in silico generation with empirical validation. We distinguish fundamental modality-dependent constraints including sequence discreteness, context length, structural coupling, and physical or thermodynamic requirements from architecture-dependent advantages that reflect the current state of the field. Current studies suggest that long-context models are particularly useful for genome-scale representation and sequence modeling, whereas structure-aware diffusion, flow-based, and inverse-folding approaches provide better frameworks for geometry-constrained RNA and protein design. This perspective provides a critical framework for understanding the present capabilities, limitations, and convergence of generative approaches toward reliable and experimentally grounded biological design.']",de-novo-protein-design,0,55.209523809523816,35.833333333333336,1
42642514,Predictive design of tissue-specific mammalian enhancers that function in the mouse embryo.,Shenzhi Chen; Vincent Loubiere; Ethan W Hollingsworth; Ken Murakami; Nikolaus Mandlburger; Sandra H Jacinto; Atrin Dizehchi; Jacob Schreiber; Evgeny Z Kvon; Alexander Stark,Nature genetics,2000-01-01T00:00:00,10.1038/s41588-026-02729-1,"['Enhancers control tissue-specific gene expression across animals<sup>1</sup>. Although deep learning<sup>2,3</sup> has enabled enhancer prediction and design in mammalian cell lines and non-mammalian model organisms<sup>4-10</sup> (reviewed in a previous publication<sup>11</sup>), it remains unclear whether such approaches can operate within the regulatory complexity of mammalian genomes and tissues in vivo. Here we present a general strategy for designing tissue-specific enhancers that function reliably in mice. We use deep learning to train compact convolutional neural networks on curated chromatin accessibility data and fine-tune them by transfer learning on validated human and mouse enhancers. Guided by these models, we design 15 synthetic enhancers for the heart, limb and central nervous system in mouse embryos, all of which are active in their intended target tissue. These results demonstrate that mammalian enhancer function can be reliably inferred from DNA sequence alone, enabling the predictive de novo design of tissue-specific synthetic enhancers from modest training sets. This work establishes a generalizable framework for programmable control of mammalian gene expression in vivo, opening new avenues in functional genomics, synthetic biology and gene therapy.']",de-novo-protein-design,0,41.3,34.4062211151664,2
42720792,"Rett syndrome: MECP2 biology, multisystem pathophysiology, and the evolving therapeutic landscape.",S T Gopukumar; Madhumita Saha; Sahil Bhardwaj; Kesavaperumal Gopalakrishnan; Eid Semer Alatwi; Rasha Alonaizan; Huda A Alqahtani; Tanveen Kaur Soni; Samer Shamshad; Uddalak Das,European journal of pediatrics,2000-01-01T00:00:00,10.1007/s00431-026-07377-5,"[StringElement('Rett syndrome (RTT) is an X-linked neurodevelopmental disorder arising predominantly from de novo loss-of-function mutations in MECP2, affecting approximately 1 in 10,000 live female births. MECP2 is a dosage-sensitive epigenetic regulator acting through its methyl-CpG-binding (MBD) and transcriptional-repression (TRD) domains; isoform-specific expression and X-chromosome-inactivation mosaicism drive the wide phenotypic variability, with mutation type broadly correlating with severity. Although historically viewed as neuron-centric, RTT is a multisystem disorder: beyond psychomotor regression, stereotypic hand movements, gait apraxia, and loss of spoken language, MECP2 deficiency contributes to brainstem-mediated breathing dysrhythmia, QTc prolongation, enteric dysmotility, low bone density, and mitochondrial/metabolic deficits, amplified by glial-neuronal crosstalk. Preclinical models, MECP2 rodents, patient iPSC-derived neurons, and cerebral organoids, reveal synaptic and dendritic deficits that improve substantially when MECP2 is reactivated in these systems, indicating that MECP2-deficient neurons remain viable rather than degenerating; whether comparable improvement can be achieved in affected individuals is not yet established. The therapeutic landscape now spans multidisciplinary supportive care, the first approved pharmacotherapy trofinetide, AAV-mediated MECP2 gene replacement (now in pivotal trials, with an important gene-therapy safety signal), antisense oligonucleotides for dosage normalisation, and emerging metabolic agents; validated biomarkers and objective outcome measures remain a major unmet need.', attributes={'Label': 'UNLABELLED'}), StringElement('RTT is a multisystem monogenic disorder whose management is shifting from symptom control toward disease modification. Phenotypic rescue after MECP2 restoration in rodent models provides the rationale for this shift but does not establish that RTT is reversible in patients; progress now depends on validated biomarkers, dose-controlled disease-modifying therapies, long-term outcome data, and equitable global access.', attributes={'Label': 'CONCLUSION', 'NlmCategory': 'CONCLUSIONS'}), StringElement('• More than 90-95% of classic Rett syndrome is caused by de novo loss-of-function mutations in MECP2, a dosage-sensitive epigenetic reader whose isoform distribution, residual function and X-chromosome-inactivation mosaicism together account for much of the phenotypic variability. • Reactivating MECP2 in symptomatic adult rodents substantially improves many disease features, establishing that MECP2-deficient neurons are functionally impaired rather than lost and providing the rationale for disease-modifying therapy.', attributes={'Label': 'WHAT IS KNOWN', 'NlmCategory': 'BACKGROUND'}), StringElement('•\xa0This review integrates isoform-specific and non-neuronal (glial, respiratory, cardiac, gastrointestinal, skeletal and metabolic) mechanisms with a literature base updated to 15 August 2026, and identifies the continuing absence of any validated biomarker or surrogate endpoint, rather than target identification, as the principal obstacle to efficient trials. •\xa0It critically appraises the post-trofinetide landscape - divergent FDA and EMA assessments of the same trial data, a fatal high-dose AAV hyperinflammatory event, and single-arm registrational gene-therapy programmes reported largely outside peer review - and concludes that the demonstrated outcome to date is gain or re-acquisition of developmental milestones, not reversal of established disease.', attributes={'Label': 'WHAT IS NEW', 'NlmCategory': 'BACKGROUND'})]",de-novo-protein-design,0,145.78770491803277,32.5,3
42827899,Development of proteome-derived cyclic peptide libraries via ortho-phthalaldehyde-assisted cyclization.,Ying Wei; Kangze Feng; Wenxuan Hou; Xiaolin Tian; Yuanyuan Xue; Wenhao Zhang; Haiteng Deng,iScience,2000-01-01T00:00:00,10.1016/j.isci.2026.117598,"['Cyclic peptides possess unique structural features and binding capabilities that make them attractive scaffolds for molecular recognition. However, strategies for generating functionally diverse libraries directly from natural proteomes remain comparatively underdeveloped. Here, we present a proteome-informed approach for constructing cyclic peptide libraries by integrating cysteine-enrichment protocols with ortho-phthalaldehyde (OPA)-mediated macrocyclization. This method enables direct library generation from proteome digests and is compatible with liquid chromatography-tandem mass spectrometry (LC-MS/MS)-based annotation and downstream functional screening. We systematically identify key parameters governing OPA-mediated cyclization topology and develop a rule-based pipeline for automated library annotation of OPA-cyclized peptides. Applying this strategy, we generate a library of over 15,000 unique cyclic peptides and perform target-specific screening against human IgG. This yielded cyclic peptide binder candidates, including one lead peptide showing cyclization-dependent IgG-binding potential. Our study establishes an OPA-enabled, proteome-informed workflow for cyclic peptide library construction and annotation.']",cyclic-peptide,0,56.9,42.0,1
42823430,Macrocyclization of native peptides through (thio)urea crosslinking of two amines.,Jinyao Liu; Peiru Chen; Meilin Tang; Qiuyu Chen; Yixin Liao; Yu Liu; Shafi Ullah; Jinwu Zhao; Yubo Long; Gong Chen; Wenfang Xiong,Nature communications,2000-01-01T00:00:00,10.1038/s41467-026-77301-w,"[""Cyclopeptides have emerged as promising candidates for drug\xa0development. However, owing to the scarcity of efficient cyclization strategies for natural peptides, the development of diverse cyclopeptides remains a formidable challenge. In this study, a variety of macrocyclic peptides featuring (thio)urea bridges are developed through the site-selective lysine‑lysine crosslinking of native peptides, employing N, N'-carbonyldiimidazole or N, N'-thiocarbonyldiimidazole as \xa0bridging reagents. In particular, dual thiourea-bridged macrocyclic peptides are further synthesized by using a one-pot two-step multicomponent macrocyclization. These strategies enable the chemoselective macrocyclization of peptides bearing diverse nucleophilic residues to afford (thio)urea-bridged macrocyclic analogs, as exemplified by the successful transformation of the targeted peptide RGD (Arg-Gly-Asp) and the antimicrobial peptide Anoplin\xa0analogue. Biological evaluation demonstrates that the cyclopeptides, particularly the thiourea- and bis-thiourea-bridged analogs, exhibit enhanced target binding affinity, potent antitumor activity, as well as improved membrane permeability and stability. Molecular docking elucidates the structural origin of the enhanced bioactivity, suggesting that the reinforced molecular interactions might be a potential underlying cause.""]",cyclic-peptide,0,17.7,30.844761421920385,2
42821672,Phage proteases activate CBASS antiphage immunity.,Samuel J Hobbs; Philip J Kranzusch,"Science (New York, N.Y.)",2000-01-01T00:00:00,10.1126/science.aeg3949,"['Cyclic oligonucleotide-based antiphage signaling systems (CBASS) are bacterial immune pathways evolutionarily related to cGAS-STING (cyclic GMP-AMP synthase-stimulator of interferon genes) in humans. In CBASS, cGAS/DncV-like nucleotidyltransferase (CD-NTase) enzymes sense phage infection and synthesize nucleotide signals to initiate antiviral defense. Here, we reveal phage prohead protease activity as a widespread mechanism of CD-NTase activation. We reconstitute CBASS recognition of phage T4 in vitro and identify proteolytic cleavage of a CD-NTase activation loop as a trigger of immune signal synthesis. Phage prohead proteases directly activate CBASS in vivo, explaining how immunity is initiated late during infection. Structure-based phylogenetic analyses identify activation loops in clade A, D, and G CD-NTases and define residues controlling recognition of distinct phage families. Our results establish CBASS recognition of phage protease activity as a widespread antiviral defense mechanism.']",cyclic-peptide,0,25.0,28.359417805086974,3
42823209,Toward adaptive cyborg tissues.,Qiang Li; Jeantine Lunshof; Jia Liu,Trends in biotechnology,2000-01-01T00:00:00,10.1016/j.tibtech.2026.09.009,"['Organoids and engineered tissues have emerged as powerful models of human biology, yet their development and function are often characterized through endpoint measurements that provide only static snapshots of dynamic biological processes. Recent advances in stretchable mesh electronics, developmental biointegration, and organoid engineering have enabled the creation of cyborg tissues with embedded sensing, stimulation, and computational capabilities. This review highlights recent progress in developmental bioelectronic integration, multifunctional tissue mapping, biological state reconstruction, and artificial intelligence (AI)-enabled cyborg systems. We discuss how embedded bioelectronics can be combined with molecular and spatial profiling technologies to characterize tissue function, developmental trajectories, and biological states. These advances establish cyborg tissues as biologically integrated platforms for regenerative medicine, disease modeling, drug discovery, and adaptive biotechnology.']",ai-drug-discovery,0,61.06279069767442,35.0,1
42814179,A molecular modeling and machine learning-based approach for the identification of potential human ALOX15 inhibitors.,Sonam Grewal; Biswayan Ghosh; Roy Karnati; Tanneru Hemanth Kumar; Polamarasetty Aparoy,Journal of molecular modeling,2000-01-01T00:00:00,10.1007/s00894-026-06968-1,"[StringElement('Arachidonate 15-lipoxygenase (ALOX15) metabolises polyunsaturated fatty acids into lipid mediators that regulate inflammation. Depending on the cell type and substrate, ALOX15 influences both pro-inflammatory and pro-resolving pathways. Its dysregulation is associated with asthma, atherosclerosis, neurodegeneration, ferroptosis, inflammation, oxidative stress and disrupted lipid homeostasis. Therefore, targeting ALOX15 offers a promising strategy for modulating pathological lipid oxidation.', attributes={'Label': 'CONTEXT', 'NlmCategory': 'BACKGROUND'}), StringElement('In this study, a hybrid ligand-based and structure-based machine learning (ML) framework was developed that combines physicochemical and 3D ligand features with interacting features (including SIFts) derived from protein-ligand interactions for the discovery of putative ALOX15 inhibitors. To identify potent human ALOX15 inhibitors, predictive machine learning (ML) models were developed, a dataset was obtained from BindingDB and multiple molecular representations (1-D, 2-D, 3-D descriptors, fingerprints and post-docking features) were computed. Two classes of ML models, Type A and Type B, were developed using 8 regression algorithms. The best Type A model, XGBoost, achieved training R<sup>2</sup> of 0.915 (RMSE\u2009=\u20090.299; MAE\u2009=\u20090.224) and test R<sup>2</sup> of 0.688 (RMSE\u2009=\u20090.581; MAE\u2009=\u20090.456), whereas the best Type B model, Random Forest, attained training R<sup>2</sup> of 0.938 (RMSE\u2009=\u20090.254; MAE\u2009=\u20090.195) and test R<sup>2</sup> of 0.659 (RMSE\u2009=\u20090.607; MAE\u2009=\u20090.473). Over 5 million compounds from various databases were screened, and five compounds were identified. ADME predictions and molecular dynamics simulations suggest favourable pharmacokinetic properties and stable binding within the active site of human ALOX15. These compounds are proposed as putative inhibitors and require further experimental validation.', attributes={'Label': 'METHOD', 'NlmCategory': 'METHODS'})]",ai-drug-discovery,0,135.01,32.75,2
42811363,Uncovering pan-cancer signatures of chemoresistance.,Mohammed Inayatullah; Engin Demirdizen; Zachery Keepers; Catarina Mendes Correia; Seyyed Morteza Hashemi; Kaushlendra Tripathi; Souren Sadhukhan; Ishita Bardhan; Arun Mahesh; Feyruz V Rassool; Mikkel Green Terp; Hem D Shukla; Vijay K Tiwari,Genome medicine,2000-01-01T00:00:00,10.1186/s13073-026-01763-2,"[StringElement('Chemotherapy resistance remains a formidable challenge in cancer treatment, driving high mortality rates worldwide. Despite significant advancements, it remains unclear whether conserved molecular programs underpin therapy resistance across cancer types.', attributes={'Label': 'BACKGROUND', 'NlmCategory': 'BACKGROUND'}), StringElement('Here, we integrate single-cell RNA sequencing, spatial transcriptomics, regulatory network modeling, transcription factor binding data, and pharmacologic perturbation across multiple cancer types to define a conserved, proliferative chemoresistant tumor state.', attributes={'Label': 'METHODS', 'NlmCategory': 'METHODS'}), StringElement('Contrary to the prevailing notion that resistance arises from quiescent or EMT-like phenotypes, we find that resistant tumor cells display elevated G2/M and S-phase activity, enriched expression of E2F and MYC target genes, and activation of DNA repair and PI3K/AKT signaling pathways. We identify the transcription factor MYC as a central regulator of the resistant state, with progressive activation along the resistance trajectory and focal expression in resistant epithelial niches. A novel MYC target, SRM (Spermidine Synthase), emerges as a conserved effector of resistance, promoting polyamine biosynthesis critical for chromatin stability and metabolic resilience. SRM expression correlates with MYC binding and predicts poor patient survival. Functional validation in cell lines, patient-derived organoids and mouse models demonstrate that pharmacologic inhibition of MYC, SRM, or WNT signalling restores chemotherapy sensitivity, suppresses resistance-associated pathways, and reactivates apoptosis. Spatial and survival analyses confirm the clinical relevance of the MYC-SRM axis, establishing it as a druggable module in treatment-refractory cancers.', attributes={'Label': 'RESULTS', 'NlmCategory': 'RESULTS'}), StringElement('To our knowledge, this is the first comprehensive study that redefines chemoresistance as a proliferative, MYC-driven state and uncover SRM as a tractable vulnerability, offering new avenues for therapeutic intervention across diverse epithelial malignancies.', attributes={'Label': 'CONCLUSIONS', 'NlmCategory': 'CONCLUSIONS'})]",ai-drug-discovery,0,75.57333333333334,32.75,3
42716354,Deep generative models in biological sequence and structure analysis and design.,Fahimeh Palizban; Mohammadmahdi Sarbishegi; Huiqi Qu; Amir Hossein Saeidian; Mahya Mehrmohamadi; Joseph Glessner; Hakon Hakonarson,Biotechnology advances,2000-01-01T00:00:00,10.1016/j.biotechadv.2026.109039,"['Deep generative models have transformed biological sequence modeling from predictive analysis toward increasingly controllable design. Early biological applications of Variational Autoencoders (VAEs) and Generative Adversarial Networks (GANs) established latent representation learning and sequence synthesis, while recent advances in transformer-based language models, discrete diffusion, flow-matching, and multimodal generative frameworks have substantially expanded the scope of biological design. This review examines generative models for DNA, RNA, and protein sequence design, emphasizing how different model classes represent biological constraints, operate over discrete and continuous spaces, and integrate sequence, structure, and function. We compare VAEs, GANs, autoregressive and masked language models, diffusion models, and flow-based approaches across genomics, transcriptomics, and proteomics, with particular attention to controllability, long-range dependency modeling, structural grounding, generalization, and experimental utility. We further examine evaluation strategies, out-of-distribution generalization, and closed-loop design-build-test-learn workflows that connect in silico generation with empirical validation. We distinguish fundamental modality-dependent constraints including sequence discreteness, context length, structural coupling, and physical or thermodynamic requirements from architecture-dependent advantages that reflect the current state of the field. Current studies suggest that long-context models are particularly useful for genome-scale representation and sequence modeling, whereas structure-aware diffusion, flow-based, and inverse-folding approaches provide better frameworks for geometry-constrained RNA and protein design. This perspective provides a critical framework for understanding the present capabilities, limitations, and convergence of generative approaches toward reliable and experimentally grounded biological design.']",de-novo-protein-design,0,55.209523809523816,35.833333333333336,1
42642514,Predictive design of tissue-specific mammalian enhancers that function in the mouse embryo.,Shenzhi Chen; Vincent Loubiere; Ethan W Hollingsworth; Ken Murakami; Nikolaus Mandlburger; Sandra H Jacinto; Atrin Dizehchi; Jacob Schreiber; Evgeny Z Kvon; Alexander Stark,Nature genetics,2000-01-01T00:00:00,10.1038/s41588-026-02729-1,"['Enhancers control tissue-specific gene expression across animals<sup>1</sup>. Although deep learning<sup>2,3</sup> has enabled enhancer prediction and design in mammalian cell lines and non-mammalian model organisms<sup>4-10</sup> (reviewed in a previous publication<sup>11</sup>), it remains unclear whether such approaches can operate within the regulatory complexity of mammalian genomes and tissues in vivo. Here we present a general strategy for designing tissue-specific enhancers that function reliably in mice. We use deep learning to train compact convolutional neural networks on curated chromatin accessibility data and fine-tune them by transfer learning on validated human and mouse enhancers. Guided by these models, we design 15 synthetic enhancers for the heart, limb and central nervous system in mouse embryos, all of which are active in their intended target tissue. These results demonstrate that mammalian enhancer function can be reliably inferred from DNA sequence alone, enabling the predictive de novo design of tissue-specific synthetic enhancers from modest training sets. This work establishes a generalizable framework for programmable control of mammalian gene expression in vivo, opening new avenues in functional genomics, synthetic biology and gene therapy.']",de-novo-protein-design,0,41.3,34.4062211151664,2
42720792,"Rett syndrome: MECP2 biology, multisystem pathophysiology, and the evolving therapeutic landscape.",S T Gopukumar; Madhumita Saha; Sahil Bhardwaj; Kesavaperumal Gopalakrishnan; Eid Semer Alatwi; Rasha Alonaizan; Huda A Alqahtani; Tanveen Kaur Soni; Samer Shamshad; Uddalak Das,European journal of pediatrics,2000-01-01T00:00:00,10.1007/s00431-026-07377-5,"[StringElement('Rett syndrome (RTT) is an X-linked neurodevelopmental disorder arising predominantly from de novo loss-of-function mutations in MECP2, affecting approximately 1 in 10,000 live female births. MECP2 is a dosage-sensitive epigenetic regulator acting through its methyl-CpG-binding (MBD) and transcriptional-repression (TRD) domains; isoform-specific expression and X-chromosome-inactivation mosaicism drive the wide phenotypic variability, with mutation type broadly correlating with severity. Although historically viewed as neuron-centric, RTT is a multisystem disorder: beyond psychomotor regression, stereotypic hand movements, gait apraxia, and loss of spoken language, MECP2 deficiency contributes to brainstem-mediated breathing dysrhythmia, QTc prolongation, enteric dysmotility, low bone density, and mitochondrial/metabolic deficits, amplified by glial-neuronal crosstalk. Preclinical models, MECP2 rodents, patient iPSC-derived neurons, and cerebral organoids, reveal synaptic and dendritic deficits that improve substantially when MECP2 is reactivated in these systems, indicating that MECP2-deficient neurons remain viable rather than degenerating; whether comparable improvement can be achieved in affected individuals is not yet established. The therapeutic landscape now spans multidisciplinary supportive care, the first approved pharmacotherapy trofinetide, AAV-mediated MECP2 gene replacement (now in pivotal trials, with an important gene-therapy safety signal), antisense oligonucleotides for dosage normalisation, and emerging metabolic agents; validated biomarkers and objective outcome measures remain a major unmet need.', attributes={'Label': 'UNLABELLED'}), StringElement('RTT is a multisystem monogenic disorder whose management is shifting from symptom control toward disease modification. Phenotypic rescue after MECP2 restoration in rodent models provides the rationale for this shift but does not establish that RTT is reversible in patients; progress now depends on validated biomarkers, dose-controlled disease-modifying therapies, long-term outcome data, and equitable global access.', attributes={'Label': 'CONCLUSION', 'NlmCategory': 'CONCLUSIONS'}), StringElement('• More than 90-95% of classic Rett syndrome is caused by de novo loss-of-function mutations in MECP2, a dosage-sensitive epigenetic reader whose isoform distribution, residual function and X-chromosome-inactivation mosaicism together account for much of the phenotypic variability. • Reactivating MECP2 in symptomatic adult rodents substantially improves many disease features, establishing that MECP2-deficient neurons are functionally impaired rather than lost and providing the rationale for disease-modifying therapy.', attributes={'Label': 'WHAT IS KNOWN', 'NlmCategory': 'BACKGROUND'}), StringElement('•\xa0This review integrates isoform-specific and non-neuronal (glial, respiratory, cardiac, gastrointestinal, skeletal and metabolic) mechanisms with a literature base updated to 15 August 2026, and identifies the continuing absence of any validated biomarker or surrogate endpoint, rather than target identification, as the principal obstacle to efficient trials. •\xa0It critically appraises the post-trofinetide landscape - divergent FDA and EMA assessments of the same trial data, a fatal high-dose AAV hyperinflammatory event, and single-arm registrational gene-therapy programmes reported largely outside peer review - and concludes that the demonstrated outcome to date is gain or re-acquisition of developmental milestones, not reversal of established disease.', attributes={'Label': 'WHAT IS NEW', 'NlmCategory': 'BACKGROUND'})]",de-novo-protein-design,0,145.78770491803277,32.5,3
42827899,Development of proteome-derived cyclic peptide libraries via ortho-phthalaldehyde-assisted cyclization.,Ying Wei; Kangze Feng; Wenxuan Hou; Xiaolin Tian; Yuanyuan Xue; Wenhao Zhang; Haiteng Deng,iScience,2000-01-01T00:00:00,10.1016/j.isci.2026.117598,"['Cyclic peptides possess unique structural features and binding capabilities that make them attractive scaffolds for molecular recognition. However, strategies for generating functionally diverse libraries directly from natural proteomes remain comparatively underdeveloped. Here, we present a proteome-informed approach for constructing cyclic peptide libraries by integrating cysteine-enrichment protocols with ortho-phthalaldehyde (OPA)-mediated macrocyclization. This method enables direct library generation from proteome digests and is compatible with liquid chromatography-tandem mass spectrometry (LC-MS/MS)-based annotation and downstream functional screening. We systematically identify key parameters governing OPA-mediated cyclization topology and develop a rule-based pipeline for automated library annotation of OPA-cyclized peptides. Applying this strategy, we generate a library of over 15,000 unique cyclic peptides and perform target-specific screening against human IgG. This yielded cyclic peptide binder candidates, including one lead peptide showing cyclization-dependent IgG-binding potential. Our study establishes an OPA-enabled, proteome-informed workflow for cyclic peptide library construction and annotation.']",cyclic-peptide,0,56.9,42.0,1
42830470,Beyond Antibodies: Glypican-3-Targeting Peptides for Precision Hepatocellular Carcinoma Theranostics.,Narendra Raju Nagpure; Nitesh Mani Tripathi; Neelam Verma; Anupam Bandyopadhyay,Journal of peptide science : an official publication of the European Peptide Society,2000-01-01T00:00:00,10.1002/psc.70134,"['Glypican-3 (GPC-3) is a cell-surface glycoprotein, highly expressed in hepatocellular carcinoma (HCC) but largely absent in normal adult liver tissues, making it a clinically compelling biomarker and therapeutic target. Although monoclonal antibodies and antibody-drug conjugates have proven to be GPC-3-targeted therapies, their large molecular size, slow pharmacokinetics, and potential immunogenicity limit their diagnostic applications. Peptide ligands offer an attractive alternative owing to their low molecular weight, rapid tumor penetration, favorable clearance profiles, synthetic accessibility, and ease of chemical modification. This topical review highlights the development of linear and cyclic GPC-3-binding peptides over the past two decades, developed primarily via phage display, rational optimization, and structure-guided approaches, enabling PET, SPECT, and fluorescence imaging of HCC in preclinical models. Recent refinements, including albumin-binding modifications and cyclization strategies, have improved tumor-to-liver contrast and in\xa0vivo stability. This review summarizes the biological significance of GPC-3, compares peptides and peptide probes as targeting modalities, and critically analyzes recent advances in linear and cyclic peptide-based GPC-3 imaging probes. We also emphasized the importance, current challenges, and future opportunities in AI/ML-based design of peptide ligands for HCC theranostics.']",cyclic-peptide,0,25.0,33.35941780508698,2
42823430,Macrocyclization of native peptides through (thio)urea crosslinking of two amines.,Jinyao Liu; Peiru Chen; Meilin Tang; Qiuyu Chen; Yixin Liao; Yu Liu; Shafi Ullah; Jinwu Zhao; Yubo Long; Gong Chen; Wenfang Xiong,Nature communications,2000-01-01T00:00:00,10.1038/s41467-026-77301-w,"[""Cyclopeptides have emerged as promising candidates for drug\xa0development. However, owing to the scarcity of efficient cyclization strategies for natural peptides, the development of diverse cyclopeptides remains a formidable challenge. In this study, a variety of macrocyclic peptides featuring (thio)urea bridges are developed through the site-selective lysine‑lysine crosslinking of native peptides, employing N, N'-carbonyldiimidazole or N, N'-thiocarbonyldiimidazole as \xa0bridging reagents. In particular, dual thiourea-bridged macrocyclic peptides are further synthesized by using a one-pot two-step multicomponent macrocyclization. These strategies enable the chemoselective macrocyclization of peptides bearing diverse nucleophilic residues to afford (thio)urea-bridged macrocyclic analogs, as exemplified by the successful transformation of the targeted peptide RGD (Arg-Gly-Asp) and the antimicrobial peptide Anoplin\xa0analogue. Biological evaluation demonstrates that the cyclopeptides, particularly the thiourea- and bis-thiourea-bridged analogs, exhibit enhanced target binding affinity, potent antitumor activity, as well as improved membrane permeability and stability. Molecular docking elucidates the structural origin of the enhanced bioactivity, suggesting that the reinforced molecular interactions might be a potential underlying cause.""]",cyclic-peptide,0,17.7,30.844761421920385,3
42823209,Toward adaptive cyborg tissues.,Qiang Li; Jeantine Lunshof; Jia Liu,Trends in biotechnology,2000-01-01T00:00:00,10.1016/j.tibtech.2026.09.009,"['Organoids and engineered tissues have emerged as powerful models of human biology, yet their development and function are often characterized through endpoint measurements that provide only static snapshots of dynamic biological processes. Recent advances in stretchable mesh electronics, developmental biointegration, and organoid engineering have enabled the creation of cyborg tissues with embedded sensing, stimulation, and computational capabilities. This review highlights recent progress in developmental bioelectronic integration, multifunctional tissue mapping, biological state reconstruction, and artificial intelligence (AI)-enabled cyborg systems. We discuss how embedded bioelectronics can be combined with molecular and spatial profiling technologies to characterize tissue function, developmental trajectories, and biological states. These advances establish cyborg tissues as biologically integrated platforms for regenerative medicine, disease modeling, drug discovery, and adaptive biotechnology.']",ai-drug-discovery,0,61.06279069767442,35.0,1
42814179,A molecular modeling and machine learning-based approach for the identification of potential human ALOX15 inhibitors.,Sonam Grewal; Biswayan Ghosh; Roy Karnati; Tanneru Hemanth Kumar; Polamarasetty Aparoy,Journal of molecular modeling,2000-01-01T00:00:00,10.1007/s00894-026-06968-1,"[StringElement('Arachidonate 15-lipoxygenase (ALOX15) metabolises polyunsaturated fatty acids into lipid mediators that regulate inflammation. Depending on the cell type and substrate, ALOX15 influences both pro-inflammatory and pro-resolving pathways. Its dysregulation is associated with asthma, atherosclerosis, neurodegeneration, ferroptosis, inflammation, oxidative stress and disrupted lipid homeostasis. Therefore, targeting ALOX15 offers a promising strategy for modulating pathological lipid oxidation.', attributes={'Label': 'CONTEXT', 'NlmCategory': 'BACKGROUND'}), StringElement('In this study, a hybrid ligand-based and structure-based machine learning (ML) framework was developed that combines physicochemical and 3D ligand features with interacting features (including SIFts) derived from protein-ligand interactions for the discovery of putative ALOX15 inhibitors. To identify potent human ALOX15 inhibitors, predictive machine learning (ML) models were developed, a dataset was obtained from BindingDB and multiple molecular representations (1-D, 2-D, 3-D descriptors, fingerprints and post-docking features) were computed. Two classes of ML models, Type A and Type B, were developed using 8 regression algorithms. The best Type A model, XGBoost, achieved training R<sup>2</sup> of 0.915 (RMSE\u2009=\u20090.299; MAE\u2009=\u20090.224) and test R<sup>2</sup> of 0.688 (RMSE\u2009=\u20090.581; MAE\u2009=\u20090.456), whereas the best Type B model, Random Forest, attained training R<sup>2</sup> of 0.938 (RMSE\u2009=\u20090.254; MAE\u2009=\u20090.195) and test R<sup>2</sup> of 0.659 (RMSE\u2009=\u20090.607; MAE\u2009=\u20090.473). Over 5 million compounds from various databases were screened, and five compounds were identified. ADME predictions and molecular dynamics simulations suggest favourable pharmacokinetic properties and stable binding within the active site of human ALOX15. These compounds are proposed as putative inhibitors and require further experimental validation.', attributes={'Label': 'METHOD', 'NlmCategory': 'METHODS'})]",ai-drug-discovery,0,135.01,32.75,2
42811363,Uncovering pan-cancer signatures of chemoresistance.,Mohammed Inayatullah; Engin Demirdizen; Zachery Keepers; Catarina Mendes Correia; Seyyed Morteza Hashemi; Kaushlendra Tripathi; Souren Sadhukhan; Ishita Bardhan; Arun Mahesh; Feyruz V Rassool; Mikkel Green Terp; Hem D Shukla; Vijay K Tiwari,Genome medicine,2000-01-01T00:00:00,10.1186/s13073-026-01763-2,"[StringElement('Chemotherapy resistance remains a formidable challenge in cancer treatment, driving high mortality rates worldwide. Despite significant advancements, it remains unclear whether conserved molecular programs underpin therapy resistance across cancer types.', attributes={'Label': 'BACKGROUND', 'NlmCategory': 'BACKGROUND'}), StringElement('Here, we integrate single-cell RNA sequencing, spatial transcriptomics, regulatory network modeling, transcription factor binding data, and pharmacologic perturbation across multiple cancer types to define a conserved, proliferative chemoresistant tumor state.', attributes={'Label': 'METHODS', 'NlmCategory': 'METHODS'}), StringElement('Contrary to the prevailing notion that resistance arises from quiescent or EMT-like phenotypes, we find that resistant tumor cells display elevated G2/M and S-phase activity, enriched expression of E2F and MYC target genes, and activation of DNA repair and PI3K/AKT signaling pathways. We identify the transcription factor MYC as a central regulator of the resistant state, with progressive activation along the resistance trajectory and focal expression in resistant epithelial niches. A novel MYC target, SRM (Spermidine Synthase), emerges as a conserved effector of resistance, promoting polyamine biosynthesis critical for chromatin stability and metabolic resilience. SRM expression correlates with MYC binding and predicts poor patient survival. Functional validation in cell lines, patient-derived organoids and mouse models demonstrate that pharmacologic inhibition of MYC, SRM, or WNT signalling restores chemotherapy sensitivity, suppresses resistance-associated pathways, and reactivates apoptosis. Spatial and survival analyses confirm the clinical relevance of the MYC-SRM axis, establishing it as a druggable module in treatment-refractory cancers.', attributes={'Label': 'RESULTS', 'NlmCategory': 'RESULTS'}), StringElement('To our knowledge, this is the first comprehensive study that redefines chemoresistance as a proliferative, MYC-driven state and uncover SRM as a tractable vulnerability, offering new avenues for therapeutic intervention across diverse epithelial malignancies.', attributes={'Label': 'CONCLUSIONS', 'NlmCategory': 'CONCLUSIONS'})]",ai-drug-discovery,0,75.57333333333334,32.75,3
42716354,Deep generative models in biological sequence and structure analysis and design.,Fahimeh Palizban; Mohammadmahdi Sarbishegi; Huiqi Qu; Amir Hossein Saeidian; Mahya Mehrmohamadi; Joseph Glessner; Hakon Hakonarson,Biotechnology advances,2000-01-01T00:00:00,10.1016/j.biotechadv.2026.109039,"['Deep generative models have transformed biological sequence modeling from predictive analysis toward increasingly controllable design. Early biological applications of Variational Autoencoders (VAEs) and Generative Adversarial Networks (GANs) established latent representation learning and sequence synthesis, while recent advances in transformer-based language models, discrete diffusion, flow-matching, and multimodal generative frameworks have substantially expanded the scope of biological design. This review examines generative models for DNA, RNA, and protein sequence design, emphasizing how different model classes represent biological constraints, operate over discrete and continuous spaces, and integrate sequence, structure, and function. We compare VAEs, GANs, autoregressive and masked language models, diffusion models, and flow-based approaches across genomics, transcriptomics, and proteomics, with particular attention to controllability, long-range dependency modeling, structural grounding, generalization, and experimental utility. We further examine evaluation strategies, out-of-distribution generalization, and closed-loop design-build-test-learn workflows that connect in silico generation with empirical validation. We distinguish fundamental modality-dependent constraints including sequence discreteness, context length, structural coupling, and physical or thermodynamic requirements from architecture-dependent advantages that reflect the current state of the field. Current studies suggest that long-context models are particularly useful for genome-scale representation and sequence modeling, whereas structure-aware diffusion, flow-based, and inverse-folding approaches provide better frameworks for geometry-constrained RNA and protein design. This perspective provides a critical framework for understanding the present capabilities, limitations, and convergence of generative approaches toward reliable and experimentally grounded biological design.']",de-novo-protein-design,0,55.209523809523816,35.833333333333336,1
42642514,Predictive design of tissue-specific mammalian enhancers that function in the mouse embryo.,Shenzhi Chen; Vincent Loubiere; Ethan W Hollingsworth; Ken Murakami; Nikolaus Mandlburger; Sandra H Jacinto; Atrin Dizehchi; Jacob Schreiber; Evgeny Z Kvon; Alexander Stark,Nature genetics,2000-01-01T00:00:00,10.1038/s41588-026-02729-1,"['Enhancers control tissue-specific gene expression across animals<sup>1</sup>. Although deep learning<sup>2,3</sup> has enabled enhancer prediction and design in mammalian cell lines and non-mammalian model organisms<sup>4-10</sup> (reviewed in a previous publication<sup>11</sup>), it remains unclear whether such approaches can operate within the regulatory complexity of mammalian genomes and tissues in vivo. Here we present a general strategy for designing tissue-specific enhancers that function reliably in mice. We use deep learning to train compact convolutional neural networks on curated chromatin accessibility data and fine-tune them by transfer learning on validated human and mouse enhancers. Guided by these models, we design 15 synthetic enhancers for the heart, limb and central nervous system in mouse embryos, all of which are active in their intended target tissue. These results demonstrate that mammalian enhancer function can be reliably inferred from DNA sequence alone, enabling the predictive de novo design of tissue-specific synthetic enhancers from modest training sets. This work establishes a generalizable framework for programmable control of mammalian gene expression in vivo, opening new avenues in functional genomics, synthetic biology and gene therapy.']",de-novo-protein-design,0,41.3,34.4062211151664,2
42720792,"Rett syndrome: MECP2 biology, multisystem pathophysiology, and the evolving therapeutic landscape.",S T Gopukumar; Madhumita Saha; Sahil Bhardwaj; Kesavaperumal Gopalakrishnan; Eid Semer Alatwi; Rasha Alonaizan; Huda A Alqahtani; Tanveen Kaur Soni; Samer Shamshad; Uddalak Das,European journal of pediatrics,2000-01-01T00:00:00,10.1007/s00431-026-07377-5,"[StringElement('Rett syndrome (RTT) is an X-linked neurodevelopmental disorder arising predominantly from de novo loss-of-function mutations in MECP2, affecting approximately 1 in 10,000 live female births. MECP2 is a dosage-sensitive epigenetic regulator acting through its methyl-CpG-binding (MBD) and transcriptional-repression (TRD) domains; isoform-specific expression and X-chromosome-inactivation mosaicism drive the wide phenotypic variability, with mutation type broadly correlating with severity. Although historically viewed as neuron-centric, RTT is a multisystem disorder: beyond psychomotor regression, stereotypic hand movements, gait apraxia, and loss of spoken language, MECP2 deficiency contributes to brainstem-mediated breathing dysrhythmia, QTc prolongation, enteric dysmotility, low bone density, and mitochondrial/metabolic deficits, amplified by glial-neuronal crosstalk. Preclinical models, MECP2 rodents, patient iPSC-derived neurons, and cerebral organoids, reveal synaptic and dendritic deficits that improve substantially when MECP2 is reactivated in these systems, indicating that MECP2-deficient neurons remain viable rather than degenerating; whether comparable improvement can be achieved in affected individuals is not yet established. The therapeutic landscape now spans multidisciplinary supportive care, the first approved pharmacotherapy trofinetide, AAV-mediated MECP2 gene replacement (now in pivotal trials, with an important gene-therapy safety signal), antisense oligonucleotides for dosage normalisation, and emerging metabolic agents; validated biomarkers and objective outcome measures remain a major unmet need.', attributes={'Label': 'UNLABELLED'}), StringElement('RTT is a multisystem monogenic disorder whose management is shifting from symptom control toward disease modification. Phenotypic rescue after MECP2 restoration in rodent models provides the rationale for this shift but does not establish that RTT is reversible in patients; progress now depends on validated biomarkers, dose-controlled disease-modifying therapies, long-term outcome data, and equitable global access.', attributes={'Label': 'CONCLUSION', 'NlmCategory': 'CONCLUSIONS'}), StringElement('• More than 90-95% of classic Rett syndrome is caused by de novo loss-of-function mutations in MECP2, a dosage-sensitive epigenetic reader whose isoform distribution, residual function and X-chromosome-inactivation mosaicism together account for much of the phenotypic variability. • Reactivating MECP2 in symptomatic adult rodents substantially improves many disease features, establishing that MECP2-deficient neurons are functionally impaired rather than lost and providing the rationale for disease-modifying therapy.', attributes={'Label': 'WHAT IS KNOWN', 'NlmCategory': 'BACKGROUND'}), StringElement('•\xa0This review integrates isoform-specific and non-neuronal (glial, respiratory, cardiac, gastrointestinal, skeletal and metabolic) mechanisms with a literature base updated to 15 August 2026, and identifies the continuing absence of any validated biomarker or surrogate endpoint, rather than target identification, as the principal obstacle to efficient trials. •\xa0It critically appraises the post-trofinetide landscape - divergent FDA and EMA assessments of the same trial data, a fatal high-dose AAV hyperinflammatory event, and single-arm registrational gene-therapy programmes reported largely outside peer review - and concludes that the demonstrated outcome to date is gain or re-acquisition of developmental milestones, not reversal of established disease.', attributes={'Label': 'WHAT IS NEW', 'NlmCategory': 'BACKGROUND'})]",de-novo-protein-design,0,145.78770491803277,32.5,3
42827899,Development of proteome-derived cyclic peptide libraries via ortho-phthalaldehyde-assisted cyclization.,Ying Wei; Kangze Feng; Wenxuan Hou; Xiaolin Tian; Yuanyuan Xue; Wenhao Zhang; Haiteng Deng,iScience,2000-01-01T00:00:00,10.1016/j.isci.2026.117598,"['Cyclic peptides possess unique structural features and binding capabilities that make them attractive scaffolds for molecular recognition. However, strategies for generating functionally diverse libraries directly from natural proteomes remain comparatively underdeveloped. Here, we present a proteome-informed approach for constructing cyclic peptide libraries by integrating cysteine-enrichment protocols with ortho-phthalaldehyde (OPA)-mediated macrocyclization. This method enables direct library generation from proteome digests and is compatible with liquid chromatography-tandem mass spectrometry (LC-MS/MS)-based annotation and downstream functional screening. We systematically identify key parameters governing OPA-mediated cyclization topology and develop a rule-based pipeline for automated library annotation of OPA-cyclized peptides. Applying this strategy, we generate a library of over 15,000 unique cyclic peptides and perform target-specific screening against human IgG. This yielded cyclic peptide binder candidates, including one lead peptide showing cyclization-dependent IgG-binding potential. Our study establishes an OPA-enabled, proteome-informed workflow for cyclic peptide library construction and annotation.']",cyclic-peptide,0,56.9,42.0,1
42830470,Beyond Antibodies: Glypican-3-Targeting Peptides for Precision Hepatocellular Carcinoma Theranostics.,Narendra Raju Nagpure; Nitesh Mani Tripathi; Neelam Verma; Anupam Bandyopadhyay,Journal of peptide science : an official publication of the European Peptide Society,2000-01-01T00:00:00,10.1002/psc.70134,"['Glypican-3 (GPC-3) is a cell-surface glycoprotein, highly expressed in hepatocellular carcinoma (HCC) but largely absent in normal adult liver tissues, making it a clinically compelling biomarker and therapeutic target. Although monoclonal antibodies and antibody-drug conjugates have proven to be GPC-3-targeted therapies, their large molecular size, slow pharmacokinetics, and potential immunogenicity limit their diagnostic applications. Peptide ligands offer an attractive alternative owing to their low molecular weight, rapid tumor penetration, favorable clearance profiles, synthetic accessibility, and ease of chemical modification. This topical review highlights the development of linear and cyclic GPC-3-binding peptides over the past two decades, developed primarily via phage display, rational optimization, and structure-guided approaches, enabling PET, SPECT, and fluorescence imaging of HCC in preclinical models. Recent refinements, including albumin-binding modifications and cyclization strategies, have improved tumor-to-liver contrast and in\xa0vivo stability. This review summarizes the biological significance of GPC-3, compares peptides and peptide probes as targeting modalities, and critically analyzes recent advances in linear and cyclic peptide-based GPC-3 imaging probes. We also emphasized the importance, current challenges, and future opportunities in AI/ML-based design of peptide ligands for HCC theranostics.']",cyclic-peptide,0,25.0,33.35941780508698,2
42823430,Macrocyclization of native peptides through (thio)urea crosslinking of two amines.,Jinyao Liu; Peiru Chen; Meilin Tang; Qiuyu Chen; Yixin Liao; Yu Liu; Shafi Ullah; Jinwu Zhao; Yubo Long; Gong Chen; Wenfang Xiong,Nature communications,2000-01-01T00:00:00,10.1038/s41467-026-77301-w,"[""Cyclopeptides have emerged as promising candidates for drug\xa0development. However, owing to the scarcity of efficient cyclization strategies for natural peptides, the development of diverse cyclopeptides remains a formidable challenge. In this study, a variety of macrocyclic peptides featuring (thio)urea bridges are developed through the site-selective lysine‑lysine crosslinking of native peptides, employing N, N'-carbonyldiimidazole or N, N'-thiocarbonyldiimidazole as \xa0bridging reagents. In particular, dual thiourea-bridged macrocyclic peptides are further synthesized by using a one-pot two-step multicomponent macrocyclization. These strategies enable the chemoselective macrocyclization of peptides bearing diverse nucleophilic residues to afford (thio)urea-bridged macrocyclic analogs, as exemplified by the successful transformation of the targeted peptide RGD (Arg-Gly-Asp) and the antimicrobial peptide Anoplin\xa0analogue. Biological evaluation demonstrates that the cyclopeptides, particularly the thiourea- and bis-thiourea-bridged analogs, exhibit enhanced target binding affinity, potent antitumor activity, as well as improved membrane permeability and stability. Molecular docking elucidates the structural origin of the enhanced bioactivity, suggesting that the reinforced molecular interactions might be a potential underlying cause.""]",cyclic-peptide,0,17.7,30.844761421920385,3
42823209,Toward adaptive cyborg tissues.,Qiang Li; Jeantine Lunshof; Jia Liu,Trends in biotechnology,2000-01-01T00:00:00,10.1016/j.tibtech.2026.09.009,"['Organoids and engineered tissues have emerged as powerful models of human biology, yet their development and function are often characterized through endpoint measurements that provide only static snapshots of dynamic biological processes. Recent advances in stretchable mesh electronics, developmental biointegration, and organoid engineering have enabled the creation of cyborg tissues with embedded sensing, stimulation, and computational capabilities. This review highlights recent progress in developmental bioelectronic integration, multifunctional tissue mapping, biological state reconstruction, and artificial intelligence (AI)-enabled cyborg systems. We discuss how embedded bioelectronics can be combined with molecular and spatial profiling technologies to characterize tissue function, developmental trajectories, and biological states. These advances establish cyborg tissues as biologically integrated platforms for regenerative medicine, disease modeling, drug discovery, and adaptive biotechnology.']",ai-drug-discovery,0,61.06279069767442,35.0,1
42834083,"Engineering human multi-organ tissue chip niches for drug absorption, distribution, metabolism, excretion and toxicity prediction.",Jiawei Li; Sofia Madrigal Gamboa; Jade T Chao; Sarah C Heilshorn; Joseph C Wu,Nature biomedical engineering,2000-01-01T00:00:00,10.1038/s41551-026-01806-4,"['Predicting human drug responses in vitro remains a central challenge in drug development. Animal models have shown limited accuracy in recapitulating human drug absorption, distribution, metabolism, excretion and toxicity, which arise from coordinated activities across multiple organs. Multi-organ-on-a-chip systems (mOoCs) are a class of promising new approach methodologies that can reconstruct these inter-organ processes. Existing mOoCs have demonstrated proof of concept for inter-organ coupling but translation-ready systems remain out of reach. Two key challenges persist: how to preserve the distinct biochemical and biomechanical niches of each organ while enabling controlled exchange between them, and how to develop mOoCs into robust translation-ready systems. In this Review, we first summarize progress in niche-preserving engineering strategies developed within single-organ systems and outline how these components are integrated to reconstruct multi-organ niches. We then highlight scalable manufacturing and multimodal readouts as the basis for making mOoCs into robust, reproducible and data-rich technologies for drug response evaluation. In the future, the resulting human-relevant datasets are expected to interface with artificial intelligence workflows to accelerate next-generation drug discovery.']",ai-drug-discovery,0,25.0,31.609417805086974,2
42823735,Artificial intelligence in oncology: linking biological discovery to clinical utility.,Sai Kiran Kuchana; Nikhilesh V Alahari; Rohith Kode; Karishma R Jalapu; Suresh K Alahari,Molecular cancer,2000-01-01T00:00:00,10.1186/s12943-026-02771-x,"[StringElement('Artificial intelligence (AI) has expanded rapidly across the oncology continuum-spanning early detection, histopathology, molecular profiling, treatment selection, drug discovery, toxicity surveillance, and survivorship care. However, these varied applications occupy fundamentally different stages of clinical and biological translation.', attributes={'Label': 'BACKGROUND', 'NlmCategory': 'BACKGROUND'}), StringElement('We conducted a critical narrative review searching PubMed/MEDLINE, Europe PMC, IEEE Xplore, arXiv, and ClinicalTrials.gov (updated to July 21, 2026). From these sources, an evidence map of 202 publications (including 182 original studies) was assembled based on study design, prospective or external validation, mechanistic rigor, clinical utility, and representation across the cancer continuum.', attributes={'Label': 'METHODS', 'NlmCategory': 'METHODS'}), StringElement('The primary synthesis demonstrates evidence gradient rather than uniform translation across oncology: Detection & Imaging: Select mammography and colonoscopy tools are supported by randomized controlled trials demonstrating workflow efficiency and detection gains. Conversely, negative pragmatic trials highlight that robust technical accuracy does not automatically translate into improved diagnostic pathways.', attributes={'Label': 'RESULTS', 'NlmCategory': 'RESULTS'}), StringElement('Large self-supervised and vision-language foundational models exhibit strong cross-task and cross-institutional transferability. However, prospective real-world deployment remains rare, and reporting on calibration, subgroup performance, and data provenance is inconsistent. Molecular & Systems Biology: Multi-omics, single-cell, spatial transcriptomics, graph-based, and perturbation models increasingly yield falsifiable hypotheses regarding tumor microenvironments, regulatory networks, and drug vulnerabilities; most, however, lack upstream functional validation. Therapeutic Decision Support: Applications in treatment response, surgical assistance, toxicity monitoring, and clinical large language models (LLMs) remain limited by cohort heterogeneity, temporal drift, unstandardized endpoints, and a lack of evidence that model-guided care alters patient outcomes.', attributes={'Label': 'PATHOLOGY', 'NlmCategory': 'METHODS'}), StringElement('AI applications must be evaluated using evidence matched directly to their specific clinical or biological claims: external validation for transportability, calibration/decision analysis for utility, prospective workflow studies for operational value, randomized trials for patient outcome benefits, and perturbation experiments for biological mechanism. This claim-matched framework clarifies the boundary between promising computational models and clinically or mechanistically credible oncology, establishing a roadmap for reliable integration into precision cancer care.', attributes={'Label': 'CONCLUSION', 'NlmCategory': 'CONCLUSIONS'})]",ai-drug-discovery,0,12.580851063829789,30.154194902542788,3
42716354,Deep generative models in biological sequence and structure analysis and design.,Fahimeh Palizban; Mohammadmahdi Sarbishegi; Huiqi Qu; Amir Hossein Saeidian; Mahya Mehrmohamadi; Joseph Glessner; Hakon Hakonarson,Biotechnology advances,2000-01-01T00:00:00,10.1016/j.biotechadv.2026.109039,"['Deep generative models have transformed biological sequence modeling from predictive analysis toward increasingly controllable design. Early biological applications of Variational Autoencoders (VAEs) and Generative Adversarial Networks (GANs) established latent representation learning and sequence synthesis, while recent advances in transformer-based language models, discrete diffusion, flow-matching, and multimodal generative frameworks have substantially expanded the scope of biological design. This review examines generative models for DNA, RNA, and protein sequence design, emphasizing how different model classes represent biological constraints, operate over discrete and continuous spaces, and integrate sequence, structure, and function. We compare VAEs, GANs, autoregressive and masked language models, diffusion models, and flow-based approaches across genomics, transcriptomics, and proteomics, with particular attention to controllability, long-range dependency modeling, structural grounding, generalization, and experimental utility. We further examine evaluation strategies, out-of-distribution generalization, and closed-loop design-build-test-learn workflows that connect in silico generation with empirical validation. We distinguish fundamental modality-dependent constraints including sequence discreteness, context length, structural coupling, and physical or thermodynamic requirements from architecture-dependent advantages that reflect the current state of the field. Current studies suggest that long-context models are particularly useful for genome-scale representation and sequence modeling, whereas structure-aware diffusion, flow-based, and inverse-folding approaches provide better frameworks for geometry-constrained RNA and protein design. This perspective provides a critical framework for understanding the present capabilities, limitations, and convergence of generative approaches toward reliable and experimentally grounded biological design.']",de-novo-protein-design,0,55.209523809523816,35.833333333333336,1
42642514,Predictive design of tissue-specific mammalian enhancers that function in the mouse embryo.,Shenzhi Chen; Vincent Loubiere; Ethan W Hollingsworth; Ken Murakami; Nikolaus Mandlburger; Sandra H Jacinto; Atrin Dizehchi; Jacob Schreiber; Evgeny Z Kvon; Alexander Stark,Nature genetics,2000-01-01T00:00:00,10.1038/s41588-026-02729-1,"['Enhancers control tissue-specific gene expression across animals<sup>1</sup>. Although deep learning<sup>2,3</sup> has enabled enhancer prediction and design in mammalian cell lines and non-mammalian model organisms<sup>4-10</sup> (reviewed in a previous publication<sup>11</sup>), it remains unclear whether such approaches can operate within the regulatory complexity of mammalian genomes and tissues in vivo. Here we present a general strategy for designing tissue-specific enhancers that function reliably in mice. We use deep learning to train compact convolutional neural networks on curated chromatin accessibility data and fine-tune them by transfer learning on validated human and mouse enhancers. Guided by these models, we design 15 synthetic enhancers for the heart, limb and central nervous system in mouse embryos, all of which are active in their intended target tissue. These results demonstrate that mammalian enhancer function can be reliably inferred from DNA sequence alone, enabling the predictive de novo design of tissue-specific synthetic enhancers from modest training sets. This work establishes a generalizable framework for programmable control of mammalian gene expression in vivo, opening new avenues in functional genomics, synthetic biology and gene therapy.']",de-novo-protein-design,0,41.3,34.4062211151664,2
42720792,"Rett syndrome: MECP2 biology, multisystem pathophysiology, and the evolving therapeutic landscape.",S T Gopukumar; Madhumita Saha; Sahil Bhardwaj; Kesavaperumal Gopalakrishnan; Eid Semer Alatwi; Rasha Alonaizan; Huda A Alqahtani; Tanveen Kaur Soni; Samer Shamshad; Uddalak Das,European journal of pediatrics,2000-01-01T00:00:00,10.1007/s00431-026-07377-5,"[StringElement('Rett syndrome (RTT) is an X-linked neurodevelopmental disorder arising predominantly from de novo loss-of-function mutations in MECP2, affecting approximately 1 in 10,000 live female births. MECP2 is a dosage-sensitive epigenetic regulator acting through its methyl-CpG-binding (MBD) and transcriptional-repression (TRD) domains; isoform-specific expression and X-chromosome-inactivation mosaicism drive the wide phenotypic variability, with mutation type broadly correlating with severity. Although historically viewed as neuron-centric, RTT is a multisystem disorder: beyond psychomotor regression, stereotypic hand movements, gait apraxia, and loss of spoken language, MECP2 deficiency contributes to brainstem-mediated breathing dysrhythmia, QTc prolongation, enteric dysmotility, low bone density, and mitochondrial/metabolic deficits, amplified by glial-neuronal crosstalk. Preclinical models, MECP2 rodents, patient iPSC-derived neurons, and cerebral organoids, reveal synaptic and dendritic deficits that improve substantially when MECP2 is reactivated in these systems, indicating that MECP2-deficient neurons remain viable rather than degenerating; whether comparable improvement can be achieved in affected individuals is not yet established. The therapeutic landscape now spans multidisciplinary supportive care, the first approved pharmacotherapy trofinetide, AAV-mediated MECP2 gene replacement (now in pivotal trials, with an important gene-therapy safety signal), antisense oligonucleotides for dosage normalisation, and emerging metabolic agents; validated biomarkers and objective outcome measures remain a major unmet need.', attributes={'Label': 'UNLABELLED'}), StringElement('RTT is a multisystem monogenic disorder whose management is shifting from symptom control toward disease modification. Phenotypic rescue after MECP2 restoration in rodent models provides the rationale for this shift but does not establish that RTT is reversible in patients; progress now depends on validated biomarkers, dose-controlled disease-modifying therapies, long-term outcome data, and equitable global access.', attributes={'Label': 'CONCLUSION', 'NlmCategory': 'CONCLUSIONS'}), StringElement('• More than 90-95% of classic Rett syndrome is caused by de novo loss-of-function mutations in MECP2, a dosage-sensitive epigenetic reader whose isoform distribution, residual function and X-chromosome-inactivation mosaicism together account for much of the phenotypic variability. • Reactivating MECP2 in symptomatic adult rodents substantially improves many disease features, establishing that MECP2-deficient neurons are functionally impaired rather than lost and providing the rationale for disease-modifying therapy.', attributes={'Label': 'WHAT IS KNOWN', 'NlmCategory': 'BACKGROUND'}), StringElement('•\xa0This review integrates isoform-specific and non-neuronal (glial, respiratory, cardiac, gastrointestinal, skeletal and metabolic) mechanisms with a literature base updated to 15 August 2026, and identifies the continuing absence of any validated biomarker or surrogate endpoint, rather than target identification, as the principal obstacle to efficient trials. •\xa0It critically appraises the post-trofinetide landscape - divergent FDA and EMA assessments of the same trial data, a fatal high-dose AAV hyperinflammatory event, and single-arm registrational gene-therapy programmes reported largely outside peer review - and concludes that the demonstrated outcome to date is gain or re-acquisition of developmental milestones, not reversal of established disease.', attributes={'Label': 'WHAT IS NEW', 'NlmCategory': 'BACKGROUND'})]",de-novo-protein-design,0,145.78770491803277,32.5,3
42827899,Development of proteome-derived cyclic peptide libraries via ortho-phthalaldehyde-assisted cyclization.,Ying Wei; Kangze Feng; Wenxuan Hou; Xiaolin Tian; Yuanyuan Xue; Wenhao Zhang; Haiteng Deng,iScience,2000-01-01T00:00:00,10.1016/j.isci.2026.117598,"['Cyclic peptides possess unique structural features and binding capabilities that make them attractive scaffolds for molecular recognition. However, strategies for generating functionally diverse libraries directly from natural proteomes remain comparatively underdeveloped. Here, we present a proteome-informed approach for constructing cyclic peptide libraries by integrating cysteine-enrichment protocols with ortho-phthalaldehyde (OPA)-mediated macrocyclization. This method enables direct library generation from proteome digests and is compatible with liquid chromatography-tandem mass spectrometry (LC-MS/MS)-based annotation and downstream functional screening. We systematically identify key parameters governing OPA-mediated cyclization topology and develop a rule-based pipeline for automated library annotation of OPA-cyclized peptides. Applying this strategy, we generate a library of over 15,000 unique cyclic peptides and perform target-specific screening against human IgG. This yielded cyclic peptide binder candidates, including one lead peptide showing cyclization-dependent IgG-binding potential. Our study establishes an OPA-enabled, proteome-informed workflow for cyclic peptide library construction and annotation.']",cyclic-peptide,0,56.9,42.0,1
42830470,Beyond Antibodies: Glypican-3-Targeting Peptides for Precision Hepatocellular Carcinoma Theranostics.,Narendra Raju Nagpure; Nitesh Mani Tripathi; Neelam Verma; Anupam Bandyopadhyay,Journal of peptide science : an official publication of the European Peptide Society,2000-01-01T00:00:00,10.1002/psc.70134,"['Glypican-3 (GPC-3) is a cell-surface glycoprotein, highly expressed in hepatocellular carcinoma (HCC) but largely absent in normal adult liver tissues, making it a clinically compelling biomarker and therapeutic target. Although monoclonal antibodies and antibody-drug conjugates have proven to be GPC-3-targeted therapies, their large molecular size, slow pharmacokinetics, and potential immunogenicity limit their diagnostic applications. Peptide ligands offer an attractive alternative owing to their low molecular weight, rapid tumor penetration, favorable clearance profiles, synthetic accessibility, and ease of chemical modification. This topical review highlights the development of linear and cyclic GPC-3-binding peptides over the past two decades, developed primarily via phage display, rational optimization, and structure-guided approaches, enabling PET, SPECT, and fluorescence imaging of HCC in preclinical models. Recent refinements, including albumin-binding modifications and cyclization strategies, have improved tumor-to-liver contrast and in\xa0vivo stability. This review summarizes the biological significance of GPC-3, compares peptides and peptide probes as targeting modalities, and critically analyzes recent advances in linear and cyclic peptide-based GPC-3 imaging probes. We also emphasized the importance, current challenges, and future opportunities in AI/ML-based design of peptide ligands for HCC theranostics.']",cyclic-peptide,0,25.0,33.35941780508698,2
42823430,Macrocyclization of native peptides through (thio)urea crosslinking of two amines.,Jinyao Liu; Peiru Chen; Meilin Tang; Qiuyu Chen; Yixin Liao; Yu Liu; Shafi Ullah; Jinwu Zhao; Yubo Long; Gong Chen; Wenfang Xiong,Nature communications,2000-01-01T00:00:00,10.1038/s41467-026-77301-w,"[""Cyclopeptides have emerged as promising candidates for drug\xa0development. However, owing to the scarcity of efficient cyclization strategies for natural peptides, the development of diverse cyclopeptides remains a formidable challenge. In this study, a variety of macrocyclic peptides featuring (thio)urea bridges are developed through the site-selective lysine‑lysine crosslinking of native peptides, employing N, N'-carbonyldiimidazole or N, N'-thiocarbonyldiimidazole as \xa0bridging reagents. In particular, dual thiourea-bridged macrocyclic peptides are further synthesized by using a one-pot two-step multicomponent macrocyclization. These strategies enable the chemoselective macrocyclization of peptides bearing diverse nucleophilic residues to afford (thio)urea-bridged macrocyclic analogs, as exemplified by the successful transformation of the targeted peptide RGD (Arg-Gly-Asp) and the antimicrobial peptide Anoplin\xa0analogue. Biological evaluation demonstrates that the cyclopeptides, particularly the thiourea- and bis-thiourea-bridged analogs, exhibit enhanced target binding affinity, potent antitumor activity, as well as improved membrane permeability and stability. Molecular docking elucidates the structural origin of the enhanced bioactivity, suggesting that the reinforced molecular interactions might be a potential underlying cause.""]",cyclic-peptide,0,17.7,30.844761421920385,3
42823209,Toward adaptive cyborg tissues.,Qiang Li; Jeantine Lunshof; Jia Liu,Trends in biotechnology,2000-01-01T00:00:00,10.1016/j.tibtech.2026.09.009,"['Organoids and engineered tissues have emerged as powerful models of human biology, yet their development and function are often characterized through endpoint measurements that provide only static snapshots of dynamic biological processes. Recent advances in stretchable mesh electronics, developmental biointegration, and organoid engineering have enabled the creation of cyborg tissues with embedded sensing, stimulation, and computational capabilities. This review highlights recent progress in developmental bioelectronic integration, multifunctional tissue mapping, biological state reconstruction, and artificial intelligence (AI)-enabled cyborg systems. We discuss how embedded bioelectronics can be combined with molecular and spatial profiling technologies to characterize tissue function, developmental trajectories, and biological states. These advances establish cyborg tissues as biologically integrated platforms for regenerative medicine, disease modeling, drug discovery, and adaptive biotechnology.']",ai-drug-discovery,0,61.06279069767442,35.0,1
42834083,"Engineering human multi-organ tissue chip niches for drug absorption, distribution, metabolism, excretion and toxicity prediction.",Jiawei Li; Sofia Madrigal Gamboa; Jade T Chao; Sarah C Heilshorn; Joseph C Wu,Nature biomedical engineering,2000-01-01T00:00:00,10.1038/s41551-026-01806-4,"['Predicting human drug responses in vitro remains a central challenge in drug development. Animal models have shown limited accuracy in recapitulating human drug absorption, distribution, metabolism, excretion and toxicity, which arise from coordinated activities across multiple organs. Multi-organ-on-a-chip systems (mOoCs) are a class of promising new approach methodologies that can reconstruct these inter-organ processes. Existing mOoCs have demonstrated proof of concept for inter-organ coupling but translation-ready systems remain out of reach. Two key challenges persist: how to preserve the distinct biochemical and biomechanical niches of each organ while enabling controlled exchange between them, and how to develop mOoCs into robust translation-ready systems. In this Review, we first summarize progress in niche-preserving engineering strategies developed within single-organ systems and outline how these components are integrated to reconstruct multi-organ niches. We then highlight scalable manufacturing and multimodal readouts as the basis for making mOoCs into robust, reproducible and data-rich technologies for drug response evaluation. In the future, the resulting human-relevant datasets are expected to interface with artificial intelligence workflows to accelerate next-generation drug discovery.']",ai-drug-discovery,0,25.0,31.609417805086974,2
42842927,Invisible Infrastructure at Risk: Funding Crises Threaten Global Bioscience Research.,Valerie Wood; Elspeth A Bruford; Steven J Marygold; Valerie B O'Donnell; Katja Röper; Jamie A Davies; Christine Orengo; Paul Nurse; Neil Hall,Genetics,2000-01-01T00:00:00,10.1093/genetics/iyag274,"['Modern biology depends on invisible infrastructure that is essential yet precariously funded. Millions of biological observations are interpreted through resources that sit beneath routine scientific practice, largely unseen in everyday research. Every experiment, genome analysis, AI model, and clinical interpretation relies on these biological knowledgebases, which most researchers rarely notice until they disappear. That infrastructure is now under threat. Across the world, the biological databases that underpin modern research, built over decades of public and charitable investment, face severe and increasing financial instability. This crisis arrives at a particularly damaging moment: many governments have identified life sciences as a strategic growth sector and are investing heavily in genomics, AI-enabled drug discovery, and precision medicine. Yet every one of these ambitions ultimately depends on curated biological data resources reliant on emergency bridge grants, donations, staff secondments, and ad hoc rescue efforts.']",ai-drug-discovery,0,35.01521739130435,30.845629404008818,3
42716354,Deep generative models in biological sequence and structure analysis and design.,Fahimeh Palizban; Mohammadmahdi Sarbishegi; Huiqi Qu; Amir Hossein Saeidian; Mahya Mehrmohamadi; Joseph Glessner; Hakon Hakonarson,Biotechnology advances,2000-01-01T00:00:00,10.1016/j.biotechadv.2026.109039,"['Deep generative models have transformed biological sequence modeling from predictive analysis toward increasingly controllable design. Early biological applications of Variational Autoencoders (VAEs) and Generative Adversarial Networks (GANs) established latent representation learning and sequence synthesis, while recent advances in transformer-based language models, discrete diffusion, flow-matching, and multimodal generative frameworks have substantially expanded the scope of biological design. This review examines generative models for DNA, RNA, and protein sequence design, emphasizing how different model classes represent biological constraints, operate over discrete and continuous spaces, and integrate sequence, structure, and function. We compare VAEs, GANs, autoregressive and masked language models, diffusion models, and flow-based approaches across genomics, transcriptomics, and proteomics, with particular attention to controllability, long-range dependency modeling, structural grounding, generalization, and experimental utility. We further examine evaluation strategies, out-of-distribution generalization, and closed-loop design-build-test-learn workflows that connect in silico generation with empirical validation. We distinguish fundamental modality-dependent constraints including sequence discreteness, context length, structural coupling, and physical or thermodynamic requirements from architecture-dependent advantages that reflect the current state of the field. Current studies suggest that long-context models are particularly useful for genome-scale representation and sequence modeling, whereas structure-aware diffusion, flow-based, and inverse-folding approaches provide better frameworks for geometry-constrained RNA and protein design. This perspective provides a critical framework for understanding the present capabilities, limitations, and convergence of generative approaches toward reliable and experimentally grounded biological design.']",de-novo-protein-design,0,55.209523809523816,35.833333333333336,1
42642514,Predictive design of tissue-specific mammalian enhancers that function in the mouse embryo.,Shenzhi Chen; Vincent Loubiere; Ethan W Hollingsworth; Ken Murakami; Nikolaus Mandlburger; Sandra H Jacinto; Atrin Dizehchi; Jacob Schreiber; Evgeny Z Kvon; Alexander Stark,Nature genetics,2000-01-01T00:00:00,10.1038/s41588-026-02729-1,"['Enhancers control tissue-specific gene expression across animals<sup>1</sup>. Although deep learning<sup>2,3</sup> has enabled enhancer prediction and design in mammalian cell lines and non-mammalian model organisms<sup>4-10</sup> (reviewed in a previous publication<sup>11</sup>), it remains unclear whether such approaches can operate within the regulatory complexity of mammalian genomes and tissues in vivo. Here we present a general strategy for designing tissue-specific enhancers that function reliably in mice. We use deep learning to train compact convolutional neural networks on curated chromatin accessibility data and fine-tune them by transfer learning on validated human and mouse enhancers. Guided by these models, we design 15 synthetic enhancers for the heart, limb and central nervous system in mouse embryos, all of which are active in their intended target tissue. These results demonstrate that mammalian enhancer function can be reliably inferred from DNA sequence alone, enabling the predictive de novo design of tissue-specific synthetic enhancers from modest training sets. This work establishes a generalizable framework for programmable control of mammalian gene expression in vivo, opening new avenues in functional genomics, synthetic biology and gene therapy.']",de-novo-protein-design,0,41.3,34.4062211151664,2
42720792,"Rett syndrome: MECP2 biology, multisystem pathophysiology, and the evolving therapeutic landscape.",S T Gopukumar; Madhumita Saha; Sahil Bhardwaj; Kesavaperumal Gopalakrishnan; Eid Semer Alatwi; Rasha Alonaizan; Huda A Alqahtani; Tanveen Kaur Soni; Samer Shamshad; Uddalak Das,European journal of pediatrics,2000-01-01T00:00:00,10.1007/s00431-026-07377-5,"[StringElement('Rett syndrome (RTT) is an X-linked neurodevelopmental disorder arising predominantly from de novo loss-of-function mutations in MECP2, affecting approximately 1 in 10,000 live female births. MECP2 is a dosage-sensitive epigenetic regulator acting through its methyl-CpG-binding (MBD) and transcriptional-repression (TRD) domains; isoform-specific expression and X-chromosome-inactivation mosaicism drive the wide phenotypic variability, with mutation type broadly correlating with severity. Although historically viewed as neuron-centric, RTT is a multisystem disorder: beyond psychomotor regression, stereotypic hand movements, gait apraxia, and loss of spoken language, MECP2 deficiency contributes to brainstem-mediated breathing dysrhythmia, QTc prolongation, enteric dysmotility, low bone density, and mitochondrial/metabolic deficits, amplified by glial-neuronal crosstalk. Preclinical models, MECP2 rodents, patient iPSC-derived neurons, and cerebral organoids, reveal synaptic and dendritic deficits that improve substantially when MECP2 is reactivated in these systems, indicating that MECP2-deficient neurons remain viable rather than degenerating; whether comparable improvement can be achieved in affected individuals is not yet established. The therapeutic landscape now spans multidisciplinary supportive care, the first approved pharmacotherapy trofinetide, AAV-mediated MECP2 gene replacement (now in pivotal trials, with an important gene-therapy safety signal), antisense oligonucleotides for dosage normalisation, and emerging metabolic agents; validated biomarkers and objective outcome measures remain a major unmet need.', attributes={'Label': 'UNLABELLED'}), StringElement('RTT is a multisystem monogenic disorder whose management is shifting from symptom control toward disease modification. Phenotypic rescue after MECP2 restoration in rodent models provides the rationale for this shift but does not establish that RTT is reversible in patients; progress now depends on validated biomarkers, dose-controlled disease-modifying therapies, long-term outcome data, and equitable global access.', attributes={'Label': 'CONCLUSION', 'NlmCategory': 'CONCLUSIONS'}), StringElement('• More than 90-95% of classic Rett syndrome is caused by de novo loss-of-function mutations in MECP2, a dosage-sensitive epigenetic reader whose isoform distribution, residual function and X-chromosome-inactivation mosaicism together account for much of the phenotypic variability. • Reactivating MECP2 in symptomatic adult rodents substantially improves many disease features, establishing that MECP2-deficient neurons are functionally impaired rather than lost and providing the rationale for disease-modifying therapy.', attributes={'Label': 'WHAT IS KNOWN', 'NlmCategory': 'BACKGROUND'}), StringElement('•\xa0This review integrates isoform-specific and non-neuronal (glial, respiratory, cardiac, gastrointestinal, skeletal and metabolic) mechanisms with a literature base updated to 15 August 2026, and identifies the continuing absence of any validated biomarker or surrogate endpoint, rather than target identification, as the principal obstacle to efficient trials. •\xa0It critically appraises the post-trofinetide landscape - divergent FDA and EMA assessments of the same trial data, a fatal high-dose AAV hyperinflammatory event, and single-arm registrational gene-therapy programmes reported largely outside peer review - and concludes that the demonstrated outcome to date is gain or re-acquisition of developmental milestones, not reversal of established disease.', attributes={'Label': 'WHAT IS NEW', 'NlmCategory': 'BACKGROUND'})]",de-novo-protein-design,0,145.78770491803277,32.5,3
42827899,Development of proteome-derived cyclic peptide libraries via ortho-phthalaldehyde-assisted cyclization.,Ying Wei; Kangze Feng; Wenxuan Hou; Xiaolin Tian; Yuanyuan Xue; Wenhao Zhang; Haiteng Deng,iScience,2000-01-01T00:00:00,10.1016/j.isci.2026.117598,"['Cyclic peptides possess unique structural features and binding capabilities that make them attractive scaffolds for molecular recognition. However, strategies for generating functionally diverse libraries directly from natural proteomes remain comparatively underdeveloped. Here, we present a proteome-informed approach for constructing cyclic peptide libraries by integrating cysteine-enrichment protocols with ortho-phthalaldehyde (OPA)-mediated macrocyclization. This method enables direct library generation from proteome digests and is compatible with liquid chromatography-tandem mass spectrometry (LC-MS/MS)-based annotation and downstream functional screening. We systematically identify key parameters governing OPA-mediated cyclization topology and develop a rule-based pipeline for automated library annotation of OPA-cyclized peptides. Applying this strategy, we generate a library of over 15,000 unique cyclic peptides and perform target-specific screening against human IgG. This yielded cyclic peptide binder candidates, including one lead peptide showing cyclization-dependent IgG-binding potential. Our study establishes an OPA-enabled, proteome-informed workflow for cyclic peptide library construction and annotation.']",cyclic-peptide,0,56.9,42.0,1
42843413,Adverse Oral and Salivary Effects Associated With Glucagon-Like Peptide-1 Receptor Agonists: Clinical Insights.,Gerardo Gilligan; Federico Garola; Vivian Petersen Wagner; Manoela Domingues Martins,Journal of oral pathology & medicine : official publication of the International Association of Oral Pathologists and the American Academy of Oral Pathology,2000-01-01T00:00:00,10.1111/jop.70191,"[StringElement('The expanding use of glucagon-like peptide-1 receptor agonists and the dual incretin agonist tirzepatide for Type 2 diabetes mellitus and obesity has drawn attention to potential oral and salivary adverse effects. This short communication summarizes the available evidence, discusses potential mechanisms, and highlights implications for oral medicine practice.', attributes={'Label': 'BACKGROUND', 'NlmCategory': 'BACKGROUND'}), StringElement('A narrative synthesis of published case reports, pharmacovigilance findings, and indirect experimental evidence was undertaken to discuss reported manifestations, biological plausibility, and existing knowledge gaps.', attributes={'Label': 'METHODS', 'NlmCategory': 'METHODS'}), StringElement('Reported manifestations include xerostomia, hyposalivation, dysgeusia, oral mucosal discomfort, burning sensations, and throat-related symptoms. Proposed mechanisms include modulation of cyclic adenosine monophosphate-dependent signaling in salivary acinar cells, altered autonomic regulation of salivary secretion, and dehydration secondary to gastrointestinal adverse events. Reduced salivary protection combined with gastric acid exposure from reflux or vomiting may increase susceptibility to dental erosion, although a direct association with these therapies has not been established. Sporadic immune-mediated mucocutaneous reactions and facial soft-tissue changes associated with rapid weight loss have also been described. Evidence remains limited and largely indirect.', attributes={'Label': 'RESULTS', 'NlmCategory': 'RESULTS'}), StringElement('Potential oral and salivary adverse effects warrant clinical awareness, careful medication history-taking, assessment of salivary function, and individualized preventive care. Systematic reporting and focused clinical and experimental studies are needed to clarify causality, frequency, and underlying mechanisms.', attributes={'Label': 'CONCLUSION', 'NlmCategory': 'CONCLUSIONS'})]",cyclic-peptide,0,137.98880597014923,38.5,2
42830470,Beyond Antibodies: Glypican-3-Targeting Peptides for Precision Hepatocellular Carcinoma Theranostics.,Narendra Raju Nagpure; Nitesh Mani Tripathi; Neelam Verma; Anupam Bandyopadhyay,Journal of peptide science : an official publication of the European Peptide Society,2000-01-01T00:00:00,10.1002/psc.70134,"['Glypican-3 (GPC-3) is a cell-surface glycoprotein, highly expressed in hepatocellular carcinoma (HCC) but largely absent in normal adult liver tissues, making it a clinically compelling biomarker and therapeutic target. Although monoclonal antibodies and antibody-drug conjugates have proven to be GPC-3-targeted therapies, their large molecular size, slow pharmacokinetics, and potential immunogenicity limit their diagnostic applications. Peptide ligands offer an attractive alternative owing to their low molecular weight, rapid tumor penetration, favorable clearance profiles, synthetic accessibility, and ease of chemical modification. This topical review highlights the development of linear and cyclic GPC-3-binding peptides over the past two decades, developed primarily via phage display, rational optimization, and structure-guided approaches, enabling PET, SPECT, and fluorescence imaging of HCC in preclinical models. Recent refinements, including albumin-binding modifications and cyclization strategies, have improved tumor-to-liver contrast and in\xa0vivo stability. This review summarizes the biological significance of GPC-3, compares peptides and peptide probes as targeting modalities, and critically analyzes recent advances in linear and cyclic peptide-based GPC-3 imaging probes. We also emphasized the importance, current challenges, and future opportunities in AI/ML-based design of peptide ligands for HCC theranostics.']",cyclic-peptide,0,25.0,33.35941780508698,3
42834083,"Engineering human multi-organ tissue chip niches for drug absorption, distribution, metabolism, excretion and toxicity prediction.",Jiawei Li; Sofia Madrigal Gamboa; Jade T Chao; Sarah C Heilshorn; Joseph C Wu,Nature biomedical engineering,2000-01-01T00:00:00,10.1038/s41551-026-01806-4,"['Predicting human drug responses in vitro remains a central challenge in drug development. Animal models have shown limited accuracy in recapitulating human drug absorption, distribution, metabolism, excretion and toxicity, which arise from coordinated activities across multiple organs. Multi-organ-on-a-chip systems (mOoCs) are a class of promising new approach methodologies that can reconstruct these inter-organ processes. Existing mOoCs have demonstrated proof of concept for inter-organ coupling but translation-ready systems remain out of reach. Two key challenges persist: how to preserve the distinct biochemical and biomechanical niches of each organ while enabling controlled exchange between them, and how to develop mOoCs into robust translation-ready systems. In this Review, we first summarize progress in niche-preserving engineering strategies developed within single-organ systems and outline how these components are integrated to reconstruct multi-organ niches. We then highlight scalable manufacturing and multimodal readouts as the basis for making mOoCs into robust, reproducible and data-rich technologies for drug response evaluation. In the future, the resulting human-relevant datasets are expected to interface with artificial intelligence workflows to accelerate next-generation drug discovery.']",ai-drug-discovery,0,25.0,31.609417805086974,1
42842927,Invisible Infrastructure at Risk: Funding Crises Threaten Global Bioscience Research.,Valerie Wood; Elspeth A Bruford; Steven J Marygold; Valerie B O'Donnell; Katja Röper; Jamie A Davies; Christine Orengo; Paul Nurse; Neil Hall,Genetics,2000-01-01T00:00:00,10.1093/genetics/iyag274,"['Modern biology depends on invisible infrastructure that is essential yet precariously funded. Millions of biological observations are interpreted through resources that sit beneath routine scientific practice, largely unseen in everyday research. Every experiment, genome analysis, AI model, and clinical interpretation relies on these biological knowledgebases, which most researchers rarely notice until they disappear. That infrastructure is now under threat. Across the world, the biological databases that underpin modern research, built over decades of public and charitable investment, face severe and increasing financial instability. This crisis arrives at a particularly damaging moment: many governments have identified life sciences as a strategic growth sector and are investing heavily in genomics, AI-enabled drug discovery, and precision medicine. Yet every one of these ambitions ultimately depends on curated biological data resources reliant on emergency bridge grants, donations, staff secondments, and ad hoc rescue efforts.']",ai-drug-discovery,0,35.01521739130435,30.845629404008818,2
42823735,Artificial intelligence in oncology: linking biological discovery to clinical utility.,Sai Kiran Kuchana; Nikhilesh V Alahari; Rohith Kode; Karishma R Jalapu; Suresh K Alahari,Molecular cancer,2000-01-01T00:00:00,10.1186/s12943-026-02771-x,"[StringElement('Artificial intelligence (AI) has expanded rapidly across the oncology continuum-spanning early detection, histopathology, molecular profiling, treatment selection, drug discovery, toxicity surveillance, and survivorship care. However, these varied applications occupy fundamentally different stages of clinical and biological translation.', attributes={'Label': 'BACKGROUND', 'NlmCategory': 'BACKGROUND'}), StringElement('We conducted a critical narrative review searching PubMed/MEDLINE, Europe PMC, IEEE Xplore, arXiv, and ClinicalTrials.gov (updated to July 21, 2026). From these sources, an evidence map of 202 publications (including 182 original studies) was assembled based on study design, prospective or external validation, mechanistic rigor, clinical utility, and representation across the cancer continuum.', attributes={'Label': 'METHODS', 'NlmCategory': 'METHODS'}), StringElement('The primary synthesis demonstrates evidence gradient rather than uniform translation across oncology: Detection & Imaging: Select mammography and colonoscopy tools are supported by randomized controlled trials demonstrating workflow efficiency and detection gains. Conversely, negative pragmatic trials highlight that robust technical accuracy does not automatically translate into improved diagnostic pathways.', attributes={'Label': 'RESULTS', 'NlmCategory': 'RESULTS'}), StringElement('Large self-supervised and vision-language foundational models exhibit strong cross-task and cross-institutional transferability. However, prospective real-world deployment remains rare, and reporting on calibration, subgroup performance, and data provenance is inconsistent. Molecular & Systems Biology: Multi-omics, single-cell, spatial transcriptomics, graph-based, and perturbation models increasingly yield falsifiable hypotheses regarding tumor microenvironments, regulatory networks, and drug vulnerabilities; most, however, lack upstream functional validation. Therapeutic Decision Support: Applications in treatment response, surgical assistance, toxicity monitoring, and clinical large language models (LLMs) remain limited by cohort heterogeneity, temporal drift, unstandardized endpoints, and a lack of evidence that model-guided care alters patient outcomes.', attributes={'Label': 'PATHOLOGY', 'NlmCategory': 'METHODS'}), StringElement('AI applications must be evaluated using evidence matched directly to their specific clinical or biological claims: external validation for transportability, calibration/decision analysis for utility, prospective workflow studies for operational value, randomized trials for patient outcome benefits, and perturbation experiments for biological mechanism. This claim-matched framework clarifies the boundary between promising computational models and clinically or mechanistically credible oncology, establishing a roadmap for reliable integration into precision cancer care.', attributes={'Label': 'CONCLUSION', 'NlmCategory': 'CONCLUSIONS'})]",ai-drug-discovery,0,12.580851063829789,30.154194902542788,3
42716354,Deep generative models in biological sequence and structure analysis and design.,Fahimeh Palizban; Mohammadmahdi Sarbishegi; Huiqi Qu; Amir Hossein Saeidian; Mahya Mehrmohamadi; Joseph Glessner; Hakon Hakonarson,Biotechnology advances,2000-01-01T00:00:00,10.1016/j.biotechadv.2026.109039,"['Deep generative models have transformed biological sequence modeling from predictive analysis toward increasingly controllable design. Early biological applications of Variational Autoencoders (VAEs) and Generative Adversarial Networks (GANs) established latent representation learning and sequence synthesis, while recent advances in transformer-based language models, discrete diffusion, flow-matching, and multimodal generative frameworks have substantially expanded the scope of biological design. This review examines generative models for DNA, RNA, and protein sequence design, emphasizing how different model classes represent biological constraints, operate over discrete and continuous spaces, and integrate sequence, structure, and function. We compare VAEs, GANs, autoregressive and masked language models, diffusion models, and flow-based approaches across genomics, transcriptomics, and proteomics, with particular attention to controllability, long-range dependency modeling, structural grounding, generalization, and experimental utility. We further examine evaluation strategies, out-of-distribution generalization, and closed-loop design-build-test-learn workflows that connect in silico generation with empirical validation. We distinguish fundamental modality-dependent constraints including sequence discreteness, context length, structural coupling, and physical or thermodynamic requirements from architecture-dependent advantages that reflect the current state of the field. Current studies suggest that long-context models are particularly useful for genome-scale representation and sequence modeling, whereas structure-aware diffusion, flow-based, and inverse-folding approaches provide better frameworks for geometry-constrained RNA and protein design. This perspective provides a critical framework for understanding the present capabilities, limitations, and convergence of generative approaches toward reliable and experimentally grounded biological design.']",de-novo-protein-design,0,55.209523809523816,35.833333333333336,1
42720792,"Rett syndrome: MECP2 biology, multisystem pathophysiology, and the evolving therapeutic landscape.",S T Gopukumar; Madhumita Saha; Sahil Bhardwaj; Kesavaperumal Gopalakrishnan; Eid Semer Alatwi; Rasha Alonaizan; Huda A Alqahtani; Tanveen Kaur Soni; Samer Shamshad; Uddalak Das,European journal of pediatrics,2000-01-01T00:00:00,10.1007/s00431-026-07377-5,"[StringElement('Rett syndrome (RTT) is an X-linked neurodevelopmental disorder arising predominantly from de novo loss-of-function mutations in MECP2, affecting approximately 1 in 10,000 live female births. MECP2 is a dosage-sensitive epigenetic regulator acting through its methyl-CpG-binding (MBD) and transcriptional-repression (TRD) domains; isoform-specific expression and X-chromosome-inactivation mosaicism drive the wide phenotypic variability, with mutation type broadly correlating with severity. Although historically viewed as neuron-centric, RTT is a multisystem disorder: beyond psychomotor regression, stereotypic hand movements, gait apraxia, and loss of spoken language, MECP2 deficiency contributes to brainstem-mediated breathing dysrhythmia, QTc prolongation, enteric dysmotility, low bone density, and mitochondrial/metabolic deficits, amplified by glial-neuronal crosstalk. Preclinical models, MECP2 rodents, patient iPSC-derived neurons, and cerebral organoids, reveal synaptic and dendritic deficits that improve substantially when MECP2 is reactivated in these systems, indicating that MECP2-deficient neurons remain viable rather than degenerating; whether comparable improvement can be achieved in affected individuals is not yet established. The therapeutic landscape now spans multidisciplinary supportive care, the first approved pharmacotherapy trofinetide, AAV-mediated MECP2 gene replacement (now in pivotal trials, with an important gene-therapy safety signal), antisense oligonucleotides for dosage normalisation, and emerging metabolic agents; validated biomarkers and objective outcome measures remain a major unmet need.', attributes={'Label': 'UNLABELLED'}), StringElement('RTT is a multisystem monogenic disorder whose management is shifting from symptom control toward disease modification. Phenotypic rescue after MECP2 restoration in rodent models provides the rationale for this shift but does not establish that RTT is reversible in patients; progress now depends on validated biomarkers, dose-controlled disease-modifying therapies, long-term outcome data, and equitable global access.', attributes={'Label': 'CONCLUSION', 'NlmCategory': 'CONCLUSIONS'}), StringElement('• More than 90-95% of classic Rett syndrome is caused by de novo loss-of-function mutations in MECP2, a dosage-sensitive epigenetic reader whose isoform distribution, residual function and X-chromosome-inactivation mosaicism together account for much of the phenotypic variability. • Reactivating MECP2 in symptomatic adult rodents substantially improves many disease features, establishing that MECP2-deficient neurons are functionally impaired rather than lost and providing the rationale for disease-modifying therapy.', attributes={'Label': 'WHAT IS KNOWN', 'NlmCategory': 'BACKGROUND'}), StringElement('•\xa0This review integrates isoform-specific and non-neuronal (glial, respiratory, cardiac, gastrointestinal, skeletal and metabolic) mechanisms with a literature base updated to 15 August 2026, and identifies the continuing absence of any validated biomarker or surrogate endpoint, rather than target identification, as the principal obstacle to efficient trials. •\xa0It critically appraises the post-trofinetide landscape - divergent FDA and EMA assessments of the same trial data, a fatal high-dose AAV hyperinflammatory event, and single-arm registrational gene-therapy programmes reported largely outside peer review - and concludes that the demonstrated outcome to date is gain or re-acquisition of developmental milestones, not reversal of established disease.', attributes={'Label': 'WHAT IS NEW', 'NlmCategory': 'BACKGROUND'})]",de-novo-protein-design,0,145.78770491803277,32.5,2
42675028,Upcycling Vegetable Waste Into Functional Food Ingredients via Synergistic Microbial Engineering and Artificial Intelligence.,Jiajin Sun; Dongbo Ma; Qingwei Meng; Chongpeng Bi; Jianping Li; Anshan Shan,Comprehensive reviews in food science and food safety,2000-01-01T00:00:00,10.1111/1541-4337.70611,"['The escalating generation of global vegetable waste represents a critical loss of bioactive resources, necessitating a paradigm shift from passive disposal to active nutrient upcycling. However, the industrial conversion of this heterogeneous biomass into standardized functional food ingredients is currently impeded by significant techno-economic barriers, primarily structural recalcitrance, compositional inconsistency, and the presence of toxic fermentation inhibitors. This review provides a comprehensive analysis of the synergistic application of microbial engineering and artificial intelligence (AI) to resolve these bioprocessing bottlenecks within a food-to-food closed-loop framework (as shown in the graphical abstract). We evaluate recent advances in engineering food-grade microbial chassis (e.g., Saccharomyces cerevisiae and Escherichia coli) to enhance lignocellulose degradation and stress tolerance. Concurrently, we examine the integration of AI across the entire value chain, covering deep learning-based rational enzyme design, genome-scale metabolic modeling, and intelligent process control for precision fermentation. Current evidence demonstrates that the hardware-software coupling of engineered strains and AI algorithms significantly enhances conversion efficiency and process robustness. Key findings highlight that AI-driven Design-Build-Test-Learn cycles facilitate the de novo creation of enzymes with superior kinetics and strains with adaptive stress response capabilities against toxins. Moreover, dynamic digital twin models effectively mitigate the impact of substrate variability, ensuring the batch-to-batch consistency required for food applications. We conclude that this data-driven synergistic paradigm is pivotal for establishing a resilient circular bioeconomy, enabling the reliable bioconversion of waste into high-value single-cell proteins, natural flavor additives, and sustainable packaging materials.']",de-novo-protein-design,0,25.0,32.192751138420306,3
42850038,<sup>68</sup>Ga-Labeled Dimeric Cyclic Peptide for Nectin-4-Targeted PET Imaging: From Preclinical Evaluation to First-in-Human Imaging in Breast Cancer.,Shushan Ge; Jihui Li; Jinyu Shi; Tongtong Jia; Dingding Ai; Junpeng Li; Shibiao Sang; Jing Lan; Bin Zhang; Shengming Deng,"Journal of nuclear medicine : official publication, Society of Nuclear Medicine",2000-01-01T00:00:00,10.2967/jnumed.126.273306,"['Nectin-4 is an attractive target for molecular imaging and targeted therapy because of its overexpression in multiple malignancies. We developed a nectin cell adhesion molecule 4 (nectin-4)-targeted <sup>68</sup>Ga-labeled dimeric cyclic peptide PET tracer, [<sup>68</sup>Ga]Ga-TDN1, for noninvasive imaging of nectin-4 expression. <b>Methods:</b> TDN1 was generated by click chemistry to conjugate 2 nectin-4-binding bicyclic peptides and was radiolabeled with <sup>68</sup>Ga. Binding affinity was assessed by surface plasmon resonance. Target specificity and tumor-targeting ability were evaluated by cell uptake, blocking, small-animal PET/CT, and biodistribution studies in nectin-4-positive and nectin-4-negative tumor models. [<sup>68</sup>Ga]Ga-TDN1 was further compared with [<sup>68</sup>Ga]Ga-N188 in preclinical models. After preclinical evaluation, [<sup>68</sup>Ga]Ga-TDN1 PET/CT was investigated in a pilot first-in-human study in 6 patients with breast cancer and directly compared with [<sup>18</sup>F]FDG PET/CT. <b>Results:</b> TDN1 showed high affinity for nectin-4 (<i>K</i> <sub>D</sub> = 1.92 × 10<sup>-10</sup> M). In preclinical studies, [<sup>68</sup>Ga]Ga-TDN1 showed specific uptake in nectin-4-positive cells and tumors, low uptake in nectin-4-negative models, and marked reduction in uptake under blocking conditions. Compared with [<sup>68</sup>Ga]Ga-N188, [<sup>68</sup>Ga]Ga-TDN1 showed higher tumor uptake and longer retention across multiple nectin-4-positive xenografts. In the pilot clinical study, [<sup>68</sup>Ga]Ga-TDN1 was well-tolerated and showed favorable biodistribution and dosimetry. [<sup>68</sup>Ga]Ga-TDN1 PET/CT revealed imaging performance comparable to that of [<sup>18</sup>F]FDG PET/CT for primary tumors and most nodal metastases and demonstrated higher uptake and improved lesion detection in bone and liver metastases in selected patients. [<sup>68</sup>Ga]Ga-TDN1 was a clinically translatable nectin-4-targeted PET tracer with high affinity, favorable pharmacokinetics, and specific tumor uptake. Preclinical and pilot clinical results supported further clinical evaluation of [<sup>68</sup>Ga]Ga-TDN1 for noninvasive imaging of nectin-4 expression, particularly for assessment of metastatic disease.']",cyclic-peptide,0,145.73793103448276,42.0,1
42827899,Development of proteome-derived cyclic peptide libraries via ortho-phthalaldehyde-assisted cyclization.,Ying Wei; Kangze Feng; Wenxuan Hou; Xiaolin Tian; Yuanyuan Xue; Wenhao Zhang; Haiteng Deng,iScience,2000-01-01T00:00:00,10.1016/j.isci.2026.117598,"['Cyclic peptides possess unique structural features and binding capabilities that make them attractive scaffolds for molecular recognition. However, strategies for generating functionally diverse libraries directly from natural proteomes remain comparatively underdeveloped. Here, we present a proteome-informed approach for constructing cyclic peptide libraries by integrating cysteine-enrichment protocols with ortho-phthalaldehyde (OPA)-mediated macrocyclization. This method enables direct library generation from proteome digests and is compatible with liquid chromatography-tandem mass spectrometry (LC-MS/MS)-based annotation and downstream functional screening. We systematically identify key parameters governing OPA-mediated cyclization topology and develop a rule-based pipeline for automated library annotation of OPA-cyclized peptides. Applying this strategy, we generate a library of over 15,000 unique cyclic peptides and perform target-specific screening against human IgG. This yielded cyclic peptide binder candidates, including one lead peptide showing cyclization-dependent IgG-binding potential. Our study establishes an OPA-enabled, proteome-informed workflow for cyclic peptide library construction and annotation.']",cyclic-peptide,0,56.9,42.0,2
42843413,Adverse Oral and Salivary Effects Associated With Glucagon-Like Peptide-1 Receptor Agonists: Clinical Insights.,Gerardo Gilligan; Federico Garola; Vivian Petersen Wagner; Manoela Domingues Martins,Journal of oral pathology & medicine : official publication of the International Association of Oral Pathologists and the American Academy of Oral Pathology,2000-01-01T00:00:00,10.1111/jop.70191,"[StringElement('The expanding use of glucagon-like peptide-1 receptor agonists and the dual incretin agonist tirzepatide for Type 2 diabetes mellitus and obesity has drawn attention to potential oral and salivary adverse effects. This short communication summarizes the available evidence, discusses potential mechanisms, and highlights implications for oral medicine practice.', attributes={'Label': 'BACKGROUND', 'NlmCategory': 'BACKGROUND'}), StringElement('A narrative synthesis of published case reports, pharmacovigilance findings, and indirect experimental evidence was undertaken to discuss reported manifestations, biological plausibility, and existing knowledge gaps.', attributes={'Label': 'METHODS', 'NlmCategory': 'METHODS'}), StringElement('Reported manifestations include xerostomia, hyposalivation, dysgeusia, oral mucosal discomfort, burning sensations, and throat-related symptoms. Proposed mechanisms include modulation of cyclic adenosine monophosphate-dependent signaling in salivary acinar cells, altered autonomic regulation of salivary secretion, and dehydration secondary to gastrointestinal adverse events. Reduced salivary protection combined with gastric acid exposure from reflux or vomiting may increase susceptibility to dental erosion, although a direct association with these therapies has not been established. Sporadic immune-mediated mucocutaneous reactions and facial soft-tissue changes associated with rapid weight loss have also been described. Evidence remains limited and largely indirect.', attributes={'Label': 'RESULTS', 'NlmCategory': 'RESULTS'}), StringElement('Potential oral and salivary adverse effects warrant clinical awareness, careful medication history-taking, assessment of salivary function, and individualized preventive care. Systematic reporting and focused clinical and experimental studies are needed to clarify causality, frequency, and underlying mechanisms.', attributes={'Label': 'CONCLUSION', 'NlmCategory': 'CONCLUSIONS'})]",cyclic-peptide,0,137.98880597014923,38.5,3
